sampleId,service,cpuUsage,memoryUsage,p95Latency,errorRate,requestRate,dbPoolUsage,deploymentChanged,sloThreshold,slo_violation
SAMPLE-00001,Authentication,38.7,29.6,0.58,0.05,217,28.6,0,2,0
SAMPLE-00002,Orders,95,83.5,3.68,2.96,900,92.9,1,2,1
SAMPLE-00003,Checkout,91.6,68.9,2.82,2.78,2129,90.4,0,2,1
SAMPLE-00004,Inventory,37.4,62,0.51,0.04,285,44.2,0,2,0
SAMPLE-00005,Checkout,25,56,0.56,0,281,34.2,0,2,0
SAMPLE-00006,Inventory,37.4,42.6,0.47,0.04,279,32.3,0,2,0
SAMPLE-00007,Orders,57.1,44.7,0.33,0.13,372,10,0,2,0
SAMPLE-00008,Authentication,50.3,43.3,0.36,0.09,210,32.3,0,2,0
SAMPLE-00009,Checkout,93.1,79.8,2.32,2.24,1099,100,0,2,1
SAMPLE-00010,Checkout,40.8,48.8,0.28,0.03,163,20.2,0,2,0
SAMPLE-00011,Inventory,31.1,38.7,0.37,0.08,250,27,0,2,0
SAMPLE-00012,Checkout,15.3,30.4,0.6,0.1,290,36.9,0,2,0
SAMPLE-00013,Inventory,24.7,49.7,1,0.05,201,32.9,0,2,0
SAMPLE-00014,Checkout,42.7,48.5,0.32,0.09,365,29.5,0,2,0
SAMPLE-00015,Inventory,52,35.1,0.58,0.03,536,33.3,0,2,0
SAMPLE-00016,Payments,34.5,36.4,0.15,0.01,340,37.8,0,2,0
SAMPLE-00017,Orders,53.1,46.7,0.53,0.13,223,24.7,0,2,0
SAMPLE-00018,Inventory,53.5,53.9,0.52,0.05,336,25.7,0,2,0
SAMPLE-00019,Orders,92,92,2.4,2.76,1343,92.3,0,2,1
SAMPLE-00020,Payments,90.9,81.3,1.83,2.97,915,96,0,2,1
SAMPLE-00021,Authentication,32.2,58.8,0.4,0.03,322,22.5,0,2,0
SAMPLE-00022,Inventory,24.7,43.6,0.48,0.04,303,29.7,0,2,0
SAMPLE-00023,Authentication,95.3,76,2.76,1.02,1730,97.7,0,2,1
SAMPLE-00024,Orders,60.6,33.4,0.7,0.03,349,44,1,2,0
SAMPLE-00025,Authentication,79.3,82,2.5,5.69,248,73.5,1,2,1
SAMPLE-00026,Checkout,93.5,92.5,2.29,3.17,978,94.8,0,2,1
SAMPLE-00027,Checkout,86.1,81.8,3.69,2.67,1627,95.3,0,2,1
SAMPLE-00028,Checkout,36,50.2,0.44,0.11,420,26.3,0,2,0
SAMPLE-00029,Checkout,79.8,84.2,2.55,10.3,509,91.2,1,2,1
SAMPLE-00030,Checkout,96.5,91.1,3.49,10.19,316,60.4,1,2,1
SAMPLE-00031,Payments,43.1,35.3,0.73,0.05,171,55.1,0,2,0
SAMPLE-00032,Authentication,42.5,51.4,0.71,0,134,21.9,0,2,0
SAMPLE-00033,Authentication,46.2,45.9,0.17,0,314,44.6,0,2,0
SAMPLE-00034,Orders,86.3,85.7,2.32,1.12,1220,100,1,2,1
SAMPLE-00035,Authentication,91,92.2,1.6,16.19,593,80.2,1,2,1
SAMPLE-00036,Inventory,87,75,2.99,3.42,1333,97.7,0,2,1
SAMPLE-00037,Authentication,53.3,51.5,0.22,0.08,390,42.4,0,2,0
SAMPLE-00038,Inventory,24.2,59.3,0.33,0.01,180,18.1,0,2,0
SAMPLE-00039,Orders,43.1,45.7,0.91,0.21,228,44.2,0,2,0
SAMPLE-00040,Checkout,54.8,42.9,0.08,0.03,53,30.8,0,2,0
SAMPLE-00041,Orders,73,85.8,3.74,7.95,553,67,1,2,1
SAMPLE-00042,Orders,33.1,49.6,0.83,0.09,277,29.8,0,2,0
SAMPLE-00043,Orders,65.9,97,3.66,3.13,743,99,1,2,1
SAMPLE-00044,Payments,78.1,86.4,3.03,5.41,585,87.8,1,2,1
SAMPLE-00045,Inventory,30.9,42.5,0.95,0.02,247,57.5,0,2,0
SAMPLE-00046,Authentication,15,53.5,0.57,0.01,336,21.1,0,2,0
SAMPLE-00047,Checkout,55.1,53.3,0.63,0.04,371,26.7,0,2,0
SAMPLE-00048,Inventory,63.9,52.6,0.54,0.01,220,47,0,2,0
SAMPLE-00049,Checkout,38.3,39.8,0.09,0.07,268,26.3,0,2,0
SAMPLE-00050,Orders,33.4,61.4,0.27,0.01,179,52,1,2,0
SAMPLE-00051,Orders,41.9,40.5,0.94,0.03,302,33.9,0,2,0
SAMPLE-00052,Checkout,94.8,83.9,3.8,4.07,1701,100,0,2,1
SAMPLE-00053,Payments,58.1,48.3,0.45,0.06,430,26.8,0,2,0
SAMPLE-00054,Authentication,43.8,67.5,0.65,0.04,356,48.6,1,2,0
SAMPLE-00055,Authentication,93.1,79.6,4.12,2.36,1168,92.6,0,2,1
SAMPLE-00056,Inventory,39.6,51,0.31,0.01,359,31.5,1,2,0
SAMPLE-00057,Orders,39.6,39.6,0.26,0.06,329,47.5,0,2,0
SAMPLE-00058,Orders,32.4,45.9,0.56,0.03,175,28.4,0,2,0
SAMPLE-00059,Orders,91.8,80.3,3.15,2.42,1745,95.5,0,2,1
SAMPLE-00060,Payments,97.3,94.7,2.43,3.02,1175,93.3,0,2,1
SAMPLE-00061,Checkout,51,45.7,0.44,0.06,226,23.9,0,2,0
SAMPLE-00062,Authentication,28.2,47.4,0.29,0.01,218,26.9,0,2,0
SAMPLE-00063,Inventory,78.3,85.7,3.75,15.27,499,50,1,2,1
SAMPLE-00064,Payments,58.3,45.5,0.45,0.11,338,43.8,0,2,0
SAMPLE-00065,Inventory,27.2,46.5,0.48,0.04,332,26.9,0,2,0
SAMPLE-00066,Checkout,86.1,98.4,4.37,5.37,431,85.6,1,2,1
SAMPLE-00067,Payments,79.4,93.2,2.89,8.34,739,69.4,1,2,1
SAMPLE-00068,Payments,47.6,40.9,0.15,0,351,22.8,0,2,0
SAMPLE-00069,Authentication,45.9,54.4,0.08,0.04,381,40.1,0,2,0
SAMPLE-00070,Checkout,89.7,72.6,3.6,2.68,1581,94.4,1,2,1
SAMPLE-00071,Payments,34.3,43.5,0.58,0.07,309,44.2,0,2,0
SAMPLE-00072,Payments,15,46.3,0.08,0.07,342,44.6,0,2,0
SAMPLE-00073,Authentication,81.9,94.9,1.87,3.9,563,87.5,1,2,1
SAMPLE-00074,Payments,84.3,81.2,3.74,2.33,1863,96.9,0,2,1
SAMPLE-00075,Authentication,50.6,56.4,0.5,0.05,344,32.6,0,2,0
SAMPLE-00076,Inventory,47.6,60.3,0.59,0.03,314,42.1,0,2,0
SAMPLE-00077,Checkout,53.3,54.7,0.11,0.06,463,45.7,0,2,0
SAMPLE-00078,Payments,40.4,39.5,0.77,0.02,427,47.4,0,2,0
SAMPLE-00079,Orders,83.6,80.6,3.86,3,392,58.8,1,2,1
SAMPLE-00080,Checkout,23,50.9,0.3,0.03,245,37.2,0,2,0
SAMPLE-00081,Authentication,32.1,31.5,0.3,0.05,213,44.8,0,2,0
SAMPLE-00082,Payments,78,76.7,2.27,2.62,1719,97,1,2,1
SAMPLE-00083,Authentication,48.4,40.5,0.63,0.03,262,39.2,0,2,0
SAMPLE-00084,Checkout,73.8,89.4,4.11,8.76,605,55.3,1,2,1
SAMPLE-00085,Orders,95.4,78.1,2.37,16.19,622,68.4,1,2,1
SAMPLE-00086,Payments,41.1,45.7,0.39,0.02,453,38.1,0,2,0
SAMPLE-00087,Authentication,63.7,51.9,0.64,0.09,523,28.6,0,2,0
SAMPLE-00088,Orders,56.4,46.7,0.54,0.04,426,61.4,0,2,0
SAMPLE-00089,Orders,95.3,87.4,2.11,2.46,1768,100,0,2,1
SAMPLE-00090,Checkout,91.3,81.7,2.7,1.36,1130,92,0,2,1
SAMPLE-00091,Inventory,38.6,37.1,0.62,0.11,192,35.2,0,2,0
SAMPLE-00092,Orders,41.8,40.4,0.46,0,310,37.8,0,2,0
SAMPLE-00093,Orders,50.3,52.8,0.08,0.08,412,43.9,0,2,0
SAMPLE-00094,Checkout,79.3,81.9,1.63,15.89,499,68.3,1,2,1
SAMPLE-00095,Checkout,37.8,42.1,0.91,0.02,293,26.2,0,2,0
SAMPLE-00096,Authentication,88.3,69.3,3.01,3.74,1491,95.3,1,2,1
SAMPLE-00097,Checkout,89.1,74.7,3.32,3.66,1514,100,1,2,1
SAMPLE-00098,Payments,74.9,92.2,3.86,6.82,429,83.6,1,2,1
SAMPLE-00099,Authentication,64.6,47.6,0.32,0.04,319,26.2,0,2,0
SAMPLE-00100,Orders,24.6,45.6,0.48,0.11,394,17.1,0,2,0
SAMPLE-00101,Orders,43.5,44,0.85,0.06,507,28.4,1,2,0
SAMPLE-00102,Inventory,30.2,40.9,0.62,0.03,464,40.5,0,2,0
SAMPLE-00103,Orders,91.6,90.8,4.4,7.5,596,67.8,1,2,1
SAMPLE-00104,Inventory,34.9,43,0.65,0.12,225,23.9,0,2,0
SAMPLE-00105,Payments,81,93.3,3.66,0.62,1512,94.2,0,2,1
SAMPLE-00106,Authentication,83,86.6,1.8,2.59,1673,100,0,2,1
SAMPLE-00107,Authentication,49.6,42.4,0.32,0.02,488,34.3,0,2,0
SAMPLE-00108,Inventory,40.4,52.6,0.68,0.03,277,35.5,0,2,0
SAMPLE-00109,Authentication,66.8,84.7,3.7,11.12,439,88.8,1,2,1
SAMPLE-00110,Checkout,85.8,65.6,1.8,3.13,1352,88,0,2,1
SAMPLE-00111,Payments,58.7,37.8,0.59,0.09,249,33.4,0,2,0
SAMPLE-00112,Inventory,61.3,89.1,3.27,12.64,342,51,1,2,1
SAMPLE-00113,Inventory,37.1,41.1,0.28,0.05,398,39,0,2,0
SAMPLE-00114,Inventory,15.1,43.5,0.55,0.04,355,31,0,2,0
SAMPLE-00115,Payments,89.3,73.8,3.33,2.49,1666,91.5,0,2,1
SAMPLE-00116,Inventory,94.6,79.8,4.91,4.41,1740,100,0,2,1
SAMPLE-00117,Authentication,79.5,94.1,2.07,4.91,554,84.5,1,2,1
SAMPLE-00118,Payments,40.7,45,0.24,0.07,242,24.1,0,2,0
SAMPLE-00119,Checkout,62.5,41.1,0.5,0.06,245,39.7,0,2,0
SAMPLE-00120,Orders,34.9,46,0.96,0,259,45,1,2,0
SAMPLE-00121,Payments,53.9,53.4,0.65,0.01,317,29.5,0,2,0
SAMPLE-00122,Inventory,59.8,43.6,0.6,0.1,300,38.2,0,2,0
SAMPLE-00123,Checkout,39.1,48.7,0.27,0.07,378,27.9,0,2,0
SAMPLE-00124,Authentication,85.7,99,2.72,7.81,460,97.4,1,2,1
SAMPLE-00125,Orders,36.4,56.2,0.08,0,274,23.2,0,2,0
SAMPLE-00126,Orders,37.8,66.5,0.54,0,335,32.3,0,2,0
SAMPLE-00127,Orders,43,58.9,0.13,0.07,197,43.8,1,2,0
SAMPLE-00128,Checkout,31,35.6,0.31,0.06,345,26.6,0,2,0
SAMPLE-00129,Orders,22.6,49.4,0.32,0.12,214,44.5,0,2,0
SAMPLE-00130,Inventory,45.1,25,0.64,0.05,372,49.5,0,2,0
SAMPLE-00131,Orders,88.5,83.3,3.69,1.67,1611,93.5,1,2,1
SAMPLE-00132,Inventory,33.6,40.6,0.49,0.06,154,51.1,0,2,0
SAMPLE-00133,Checkout,77.4,99,5.1,3.58,708,56,1,2,1
SAMPLE-00134,Orders,31.2,55.9,0.72,0.04,269,23.2,1,2,0
SAMPLE-00135,Inventory,41.3,53.3,0.08,0.03,236,30.3,0,2,0
SAMPLE-00136,Checkout,65.4,88.9,4.88,3,433,81.1,1,2,1
SAMPLE-00137,Inventory,25.3,63.3,0.65,0.09,383,57.7,0,2,0
SAMPLE-00138,Inventory,47.4,25,0.65,0.12,425,49.1,0,2,0
SAMPLE-00139,Inventory,26.3,51.6,0.31,0.01,313,47.9,0,2,0
SAMPLE-00140,Inventory,51.1,57.8,0.68,0.06,209,19.1,0,2,0
SAMPLE-00141,Payments,81.9,94.3,3.06,10.77,374,51.7,1,2,1
SAMPLE-00142,Authentication,40.8,76.7,0.37,0.06,276,27.8,0,2,0
SAMPLE-00143,Inventory,88.7,77.2,2.81,7.86,588,72.5,1,2,1
SAMPLE-00144,Authentication,78.4,88.4,2.96,6,341,86.1,1,2,1
SAMPLE-00145,Payments,92.9,89,3.62,1.7,1747,91.2,0,2,1
SAMPLE-00146,Authentication,92.2,77.5,2.85,2,900,91.8,1,2,1
SAMPLE-00147,Authentication,32,39.9,0.61,0.05,403,29.6,0,2,0
SAMPLE-00148,Inventory,66.2,60.8,0.97,0.06,432,44.3,1,2,0
SAMPLE-00149,Inventory,68.3,57.2,0.33,0.07,263,20.1,0,2,0
SAMPLE-00150,Payments,89.3,96.9,5.11,3,821,89.5,1,2,1
SAMPLE-00151,Authentication,33.2,42.6,0.63,0.05,342,33.7,0,2,0
SAMPLE-00152,Authentication,93.7,87.9,2.78,2.26,1130,86.6,1,2,1
SAMPLE-00153,Checkout,84.5,99,3.8,3.81,457,57.4,1,2,1
SAMPLE-00154,Orders,44,54.2,0.68,0.11,332,18.8,0,2,0
SAMPLE-00155,Checkout,39.4,38.9,0.5,0.04,272,40.5,0,2,0
SAMPLE-00156,Authentication,90.9,94.9,2.13,9.1,377,62,1,2,1
SAMPLE-00157,Inventory,27.2,53.7,0.58,0.08,341,60.4,0,2,0
SAMPLE-00158,Payments,87.1,67.8,2.52,3.53,1723,92.1,0,2,1
SAMPLE-00159,Orders,42.7,44,0.67,0,311,18.3,0,2,0
SAMPLE-00160,Inventory,90.1,80.3,3.26,1.55,1223,89.4,0,2,1
SAMPLE-00161,Inventory,92.3,81.3,3.64,3.24,932,95.8,1,2,1
SAMPLE-00162,Checkout,92.1,75.2,2.17,1.97,969,95.9,0,2,1
SAMPLE-00163,Inventory,40.7,68,0.08,0.1,209,10,0,2,0
SAMPLE-00164,Inventory,91.3,85.1,4.6,1.38,1434,94.7,0,2,1
SAMPLE-00165,Payments,24.9,40.6,0.81,0.05,288,26.3,0,2,0
SAMPLE-00166,Orders,42.1,58,0.34,0,261,19.7,0,2,0
SAMPLE-00167,Payments,49.1,67.5,0.5,0,371,26.4,0,2,0
SAMPLE-00168,Payments,33.2,50.4,0.65,0.1,333,57.8,0,2,0
SAMPLE-00169,Orders,50,50,0.56,0.07,227,36.9,0,2,0
SAMPLE-00170,Inventory,25.9,53.5,0.24,0,242,39.4,0,2,0
SAMPLE-00171,Checkout,71.3,89.4,3.02,12.24,604,79.6,1,2,1
SAMPLE-00172,Authentication,84.2,80,3.95,1.94,1457,100,0,2,1
SAMPLE-00173,Checkout,44.3,55.8,0.29,0.08,376,45.1,0,2,0
SAMPLE-00174,Authentication,50.7,43.6,0.99,0,383,35.1,0,2,0
SAMPLE-00175,Checkout,98.3,79,3.31,0.93,1246,94.9,1,2,1
SAMPLE-00176,Inventory,32.1,45.6,0.71,0.09,343,36.7,0,2,0
SAMPLE-00177,Authentication,50.2,33.5,0.67,0.02,246,32.2,0,2,0
SAMPLE-00178,Payments,84.6,75.2,3.38,1.02,1855,93.1,0,2,1
SAMPLE-00179,Payments,31.4,55.2,0.08,0.01,298,32.1,0,2,0
SAMPLE-00180,Payments,37,44.9,0.31,0.08,328,40.1,0,2,0
SAMPLE-00181,Payments,80.7,94.5,2.62,20.38,233,82.3,1,2,1
SAMPLE-00182,Authentication,42.4,54.3,0.18,0.05,189,41.3,0,2,0
SAMPLE-00183,Orders,99,88.4,3.47,3.73,1466,96.7,0,2,1
SAMPLE-00184,Orders,35.9,50.5,0.08,0.06,480,34.6,0,2,0
SAMPLE-00185,Checkout,57.3,36.7,0.44,0.06,279,24.6,0,2,0
SAMPLE-00186,Authentication,48.2,40.3,0.61,0.01,327,38.8,0,2,0
SAMPLE-00187,Orders,39.6,36.9,0.17,0.12,366,21.3,0,2,0
SAMPLE-00188,Authentication,37,45.8,0.08,0.03,300,31.6,0,2,0
SAMPLE-00189,Orders,84.9,83.9,4.36,6.88,532,50,1,2,1
SAMPLE-00190,Payments,72,83.6,4,6.36,303,76.8,1,2,1
SAMPLE-00191,Checkout,20.8,53.1,0.55,0,519,37.1,0,2,0
SAMPLE-00192,Orders,84.8,96.3,2.91,8.45,264,72.9,1,2,1
SAMPLE-00193,Authentication,87,97.6,3,9.18,484,72,1,2,1
SAMPLE-00194,Inventory,82.5,86.8,3.64,1.22,1148,91.2,0,2,1
SAMPLE-00195,Orders,48.9,48.7,0.56,0.02,344,21.1,0,2,0
SAMPLE-00196,Inventory,33.2,39.1,0.14,0.06,367,43.7,0,2,0
SAMPLE-00197,Authentication,73.9,83.7,3.88,7.45,306,62,1,2,1
SAMPLE-00198,Payments,61.8,48.1,0.59,0,344,44.2,0,2,0
SAMPLE-00199,Orders,97.1,75.7,1.8,4.25,1650,90.2,0,2,1
SAMPLE-00200,Checkout,45.3,60.5,0.49,0.05,377,40.8,0,2,0
SAMPLE-00201,Orders,74.6,86.3,3.55,4.83,574,99,1,2,1
SAMPLE-00202,Payments,80.3,70.9,3.11,4.5,1223,100,1,2,1
SAMPLE-00203,Authentication,42,29.8,0.45,0.08,427,23.6,0,2,0
SAMPLE-00204,Checkout,82.5,87.1,2.11,9.37,758,52.7,1,2,1
SAMPLE-00205,Authentication,27.3,42.8,0.16,0.1,233,29.4,0,2,0
SAMPLE-00206,Checkout,97.6,81.2,3.66,2.91,1926,96.9,1,2,1
SAMPLE-00207,Payments,52.1,34.7,0.43,0.1,307,51.6,0,2,0
SAMPLE-00208,Checkout,86.4,80.1,1.82,2.28,1209,99.4,0,2,0
SAMPLE-00209,Payments,44.1,50.7,0.08,0.02,403,34.9,0,2,0
SAMPLE-00210,Authentication,59.3,89.1,3.63,3,490,75.2,1,2,1
SAMPLE-00211,Inventory,54.2,35.3,0.19,0.09,288,26.5,0,2,0
SAMPLE-00212,Checkout,84.8,78.2,3.65,1.64,1737,90,0,2,1
SAMPLE-00213,Authentication,29.8,53,0.39,0.04,329,23,0,2,0
SAMPLE-00214,Authentication,46.3,48.8,0.08,0,191,25.5,0,2,0
SAMPLE-00215,Orders,32,60.1,0.34,0.11,272,32.1,1,2,0
SAMPLE-00216,Inventory,83.7,88.9,4.08,6.2,746,77.7,1,2,1
SAMPLE-00217,Payments,78,84.9,2.55,2.51,900,95.8,0,2,1
SAMPLE-00218,Inventory,76.4,89,3.79,10.64,618,52.7,1,2,1
SAMPLE-00219,Payments,29.8,31.5,0.37,0.03,426,44.1,0,2,0
SAMPLE-00220,Payments,37,54.6,0.18,0,465,45.1,0,2,0
SAMPLE-00221,Authentication,22.3,50,0.36,0.02,466,26.7,0,2,0
SAMPLE-00222,Inventory,43,25,0.39,0.07,323,42,0,2,0
SAMPLE-00223,Payments,89.1,89.3,2.27,7.63,498,89.5,1,2,1
SAMPLE-00224,Authentication,95.9,77.7,3.2,3.04,1908,92.1,0,2,1
SAMPLE-00225,Payments,23.9,48.1,0.12,0,322,40.2,0,2,0
SAMPLE-00226,Inventory,47.9,44.4,0.52,0.01,517,47.4,0,2,0
SAMPLE-00227,Inventory,38.2,45.7,0.62,0.03,227,44.5,0,2,0
SAMPLE-00228,Checkout,40.7,39,0.23,0.06,368,19.1,0,2,0
SAMPLE-00229,Authentication,78,83,1.81,2.35,1321,100,1,2,0
SAMPLE-00230,Payments,88.9,85.8,2.84,11.8,661,50,1,2,1
SAMPLE-00231,Orders,47.3,59.1,0.38,0.01,201,39.1,0,2,0
SAMPLE-00232,Orders,75.6,93.6,3.43,11.46,379,50.4,1,2,1
SAMPLE-00233,Payments,66.7,80.1,2.91,11.19,592,97.3,1,2,1
SAMPLE-00234,Checkout,33.3,56,0.78,0.07,293,26.8,0,2,0
SAMPLE-00235,Authentication,83.6,95.3,3.03,13.49,637,55.3,1,2,1
SAMPLE-00236,Payments,45.3,34.8,0.47,0.08,427,13.5,0,2,0
SAMPLE-00237,Checkout,50.4,42.1,0.58,0.06,281,32.1,0,2,0
SAMPLE-00238,Inventory,94.8,73.7,4.44,1.35,1531,95.9,0,2,1
SAMPLE-00239,Checkout,85,96.9,3.93,12.19,604,94.5,1,2,1
SAMPLE-00240,Payments,30.2,49.6,0.1,0,248,54,0,2,0
SAMPLE-00241,Authentication,29.5,49.6,0.37,0.04,183,24.4,0,2,0
SAMPLE-00242,Orders,71.8,99,3.56,11.79,214,76.5,1,2,1
SAMPLE-00243,Checkout,28.4,53.3,0.62,0.08,246,39,0,2,0
SAMPLE-00244,Checkout,88.7,76.6,3.72,1.41,900,93.7,0,2,1
SAMPLE-00245,Payments,31.4,51.7,0.48,0.07,310,21.9,0,2,0
SAMPLE-00246,Orders,90,81.9,3.91,1.41,900,90,0,2,1
SAMPLE-00247,Payments,66.1,37.5,0.08,0,480,34.8,0,2,0
SAMPLE-00248,Orders,47.1,48.7,0.32,0.11,392,48.2,0,2,0
SAMPLE-00249,Checkout,42.8,49.4,0.31,0.01,457,17.8,0,2,0
SAMPLE-00250,Orders,77.1,91.3,3.01,6.44,490,67.2,1,2,1
SAMPLE-00251,Authentication,30.9,59.9,0.94,0.01,274,21.7,0,2,0
SAMPLE-00252,Inventory,39.8,57.9,0.49,0.01,258,13.2,0,2,0
SAMPLE-00253,Payments,29.7,50.7,0.48,0.1,239,39.6,0,2,0
SAMPLE-00254,Authentication,37.1,54.1,0.47,0.13,398,29.5,0,2,0
SAMPLE-00255,Checkout,51.8,48.4,0.19,0.09,274,25,0,2,0
SAMPLE-00256,Checkout,33.1,45.8,0.85,0.11,188,36.4,1,2,0
SAMPLE-00257,Checkout,56,45.5,0.49,0.06,279,37.8,0,2,0
SAMPLE-00258,Payments,90.1,86.1,3.84,3.91,1153,92.2,0,2,1
SAMPLE-00259,Orders,83,83.5,2.86,1.04,1513,94.7,0,2,1
SAMPLE-00260,Checkout,44,47.9,0.6,0,418,36.3,0,2,0
SAMPLE-00261,Inventory,89.5,72.1,2.64,1.94,1040,92.3,1,2,1
SAMPLE-00262,Orders,17.7,49.1,0.86,0.07,268,14.7,0,2,0
SAMPLE-00263,Authentication,77.4,93.2,3.36,4.59,478,50.4,1,2,1
SAMPLE-00264,Checkout,69.5,47.8,0.64,0.06,357,23.4,0,2,0
SAMPLE-00265,Inventory,82.3,78.9,3.16,4.61,1814,96.2,0,2,1
SAMPLE-00266,Orders,17.4,42.5,0.33,0.05,336,18.1,1,2,0
SAMPLE-00267,Inventory,57.5,38.6,0.59,0.04,243,65,0,2,0
SAMPLE-00268,Checkout,41.3,56.3,0.24,0,395,29.9,0,2,0
SAMPLE-00269,Checkout,82.2,99,4.09,9.45,593,66.1,1,2,1
SAMPLE-00270,Orders,87.5,75.3,3.36,1.73,1578,90,0,2,1
SAMPLE-00271,Authentication,80.7,79.4,4.45,2.14,1234,100,0,2,1
SAMPLE-00272,Inventory,43.2,52.1,0.39,0.01,53,31.6,0,2,0
SAMPLE-00273,Orders,27,52.4,0.74,0,400,28,0,2,0
SAMPLE-00274,Inventory,32,49.9,0.46,0.11,345,27,0,2,0
SAMPLE-00275,Inventory,20.8,45.5,0.9,0.11,428,49.5,1,2,0
SAMPLE-00276,Payments,48.1,55.6,0.37,0.09,359,33.7,0,2,0
SAMPLE-00277,Authentication,94.2,90,3.85,11.65,593,75.5,1,2,1
SAMPLE-00278,Checkout,75.5,80.6,4.02,13.69,583,71.9,1,2,1
SAMPLE-00279,Authentication,59,55,0.84,0.07,335,60.2,0,2,0
SAMPLE-00280,Inventory,24.4,47.7,0.57,0.07,274,27,0,2,0
SAMPLE-00281,Payments,45.9,38.9,0.6,0.14,319,58,1,2,0
SAMPLE-00282,Payments,78,84.6,1.8,2.59,1333,92.9,0,2,1
SAMPLE-00283,Authentication,76.6,78.4,2.61,7.78,474,60.6,1,2,1
SAMPLE-00284,Inventory,43.3,51,0.26,0,345,21.8,0,2,0
SAMPLE-00285,Inventory,35,52.7,0.38,0.08,332,26.9,0,2,0
SAMPLE-00286,Authentication,99,91.2,2.86,7.82,311,92.6,1,2,1
SAMPLE-00287,Inventory,40.7,37.7,0.73,0.05,309,49.2,0,2,0
SAMPLE-00288,Inventory,38.9,46,0.16,0,296,20.1,0,2,0
SAMPLE-00289,Payments,83.7,77.6,3.95,0.83,1524,99.5,0,2,1
SAMPLE-00290,Orders,29.6,43.1,0.38,0.03,293,48.5,0,2,0
SAMPLE-00291,Authentication,17.2,35.7,0.26,0.08,320,26.8,0,2,0
SAMPLE-00292,Payments,25.8,43,0.52,0.12,264,42.8,0,2,0
SAMPLE-00293,Authentication,90.2,68.3,4.64,1.24,1476,85.5,0,2,1
SAMPLE-00294,Authentication,47.9,37.1,0.68,0.04,345,28.4,0,2,0
SAMPLE-00295,Checkout,90,86.5,3.34,1.74,2014,97,0,2,1
SAMPLE-00296,Payments,87.3,84.4,2.73,2.91,1527,99.3,0,2,1
SAMPLE-00297,Orders,66.9,58.1,0.39,0.01,261,44.6,0,2,0
SAMPLE-00298,Checkout,84.6,91.8,3.75,7.39,608,69.5,1,2,1
SAMPLE-00299,Authentication,50.5,51.1,0.69,0.03,294,44.2,0,2,0
SAMPLE-00300,Inventory,81.6,93.2,2.51,4.48,673,71.6,1,2,1
SAMPLE-00301,Authentication,83.8,94.1,3.55,8.07,456,63.7,1,2,1
SAMPLE-00302,Payments,77.6,94.5,4.05,4.18,591,70.6,1,2,1
SAMPLE-00303,Orders,53.3,53.7,0.55,0.09,347,47.7,0,2,0
SAMPLE-00304,Orders,76.3,91.7,3.27,12.83,516,98.2,1,2,1
SAMPLE-00305,Orders,40.6,54.1,0.66,0.03,508,46.1,0,2,0
SAMPLE-00306,Orders,24.8,41.3,0.36,0.08,296,45.7,0,2,0
SAMPLE-00307,Orders,86.2,75.6,3.03,4.09,1292,84.8,0,2,1
SAMPLE-00308,Authentication,46.3,56.9,0.86,0.1,339,25.1,1,2,0
SAMPLE-00309,Checkout,53.5,39.7,0.86,0.02,485,33.7,0,2,0
SAMPLE-00310,Checkout,38.4,45.8,0.3,0.03,370,27.9,1,2,0
SAMPLE-00311,Orders,27.5,43.9,0.56,0.08,230,20.8,0,2,0
SAMPLE-00312,Checkout,52,65.4,0.34,0.12,426,36.8,0,2,0
SAMPLE-00313,Authentication,58.9,59.7,0.58,0.04,368,30.3,0,2,0
SAMPLE-00314,Inventory,43,31.7,0.61,0.05,402,37,0,2,0
SAMPLE-00315,Authentication,34.1,45,0.52,0.07,233,28.9,0,2,0
SAMPLE-00316,Inventory,47.9,27.6,1,0.04,468,33.1,0,2,0
SAMPLE-00317,Checkout,39.6,31.3,0.63,0,398,20.2,0,2,0
SAMPLE-00318,Authentication,46,50.1,0.3,0.03,220,24,0,2,0
SAMPLE-00319,Orders,69.9,58.2,0.49,0.03,418,28.2,0,2,0
SAMPLE-00320,Orders,82,83.1,3.26,3.78,971,90.1,0,2,1
SAMPLE-00321,Orders,41.8,56,0.14,0.05,163,32.2,0,2,0
SAMPLE-00322,Authentication,39.4,58.4,0.31,0.05,273,46.9,0,2,0
SAMPLE-00323,Inventory,96.9,79.3,2.27,1.38,1367,92.3,1,2,1
SAMPLE-00324,Inventory,83.9,87.2,2.88,3.09,1628,93.3,0,2,1
SAMPLE-00325,Authentication,80.1,90.7,5.07,8.76,643,80.5,1,2,1
SAMPLE-00326,Inventory,31.1,25,0.47,0.01,366,47,0,2,0
SAMPLE-00327,Orders,87.9,85.3,2.98,6.04,445,87.1,1,2,1
SAMPLE-00328,Orders,93,86.6,3.5,0.5,1448,95.3,1,2,1
SAMPLE-00329,Authentication,78.4,89.1,2.53,4.01,910,90.4,0,2,1
SAMPLE-00330,Payments,33.2,57.5,0.64,0.07,368,51.9,0,2,0
SAMPLE-00331,Checkout,45.7,34.8,0.14,0.05,413,26.7,0,2,0
SAMPLE-00332,Payments,44.5,47.7,0.47,0.07,284,32.5,0,2,0
SAMPLE-00333,Inventory,50.7,44.4,0.98,0.09,501,51.6,0,2,0
SAMPLE-00334,Authentication,38.2,46,0.22,0.02,286,24.7,0,2,0
SAMPLE-00335,Payments,79.5,82,1.82,7.88,508,89.3,1,2,1
SAMPLE-00336,Authentication,43.6,48.7,0.42,0.06,101,44.9,0,2,0
SAMPLE-00337,Inventory,50,50,0.39,0,175,13,0,2,0
SAMPLE-00338,Orders,46.6,61.6,0.52,0.1,326,31.5,0,2,0
SAMPLE-00339,Checkout,36.5,66,0.1,0.1,457,23.7,0,2,0
SAMPLE-00340,Inventory,84.2,87.6,1.8,0.52,1329,95.5,0,2,0
SAMPLE-00341,Inventory,30.5,44.6,0.27,0.08,292,38.3,0,2,0
SAMPLE-00342,Checkout,93.1,85.6,2.64,1.93,1598,98.2,0,2,1
SAMPLE-00343,Checkout,43,64.6,0.8,0.06,483,50.4,0,2,0
SAMPLE-00344,Authentication,61.2,91.4,3.99,6.96,568,88.3,1,2,1
SAMPLE-00345,Inventory,55.4,35.6,0.33,0.03,230,33.6,0,2,0
SAMPLE-00346,Checkout,36.8,35.6,0.48,0.04,466,28.9,0,2,0
SAMPLE-00347,Payments,38,41.9,0.08,0.08,216,25.1,0,2,0
SAMPLE-00348,Orders,47.9,59.2,0.75,0.02,378,20.4,0,2,0
SAMPLE-00349,Orders,78,76.3,1.8,2.42,1338,94.7,0,2,0
SAMPLE-00350,Checkout,72.7,49.2,0.08,0.02,298,23.7,0,2,0
SAMPLE-00351,Orders,26.5,46.3,0.63,0.09,396,54.3,0,2,0
SAMPLE-00352,Payments,41.6,49.2,0.49,0.06,147,26.7,0,2,0
SAMPLE-00353,Authentication,21.4,42.6,0.24,0.07,335,19.6,0,2,0
SAMPLE-00354,Payments,39.5,58,0.47,0.07,419,38.7,0,2,0
SAMPLE-00355,Inventory,84.1,95,1.95,1.48,1779,93.7,0,2,0
SAMPLE-00356,Authentication,94.6,80.6,3.33,2.17,1296,93.4,0,2,1
SAMPLE-00357,Authentication,53.6,38.9,0.37,0,252,25.6,0,2,0
SAMPLE-00358,Authentication,89.8,71.9,3.2,1.32,1070,89.7,0,2,1
SAMPLE-00359,Payments,56.1,49.2,0.31,0.07,209,43.1,0,2,0
SAMPLE-00360,Payments,64.6,42.7,0.26,0.02,376,45.3,0,2,0
SAMPLE-00361,Inventory,42.5,38.3,0.4,0.04,141,22.8,0,2,0
SAMPLE-00362,Authentication,50.8,57.8,0.6,0.04,289,41.2,0,2,0
SAMPLE-00363,Orders,35.3,57.2,0.27,0.04,329,16,0,2,0
SAMPLE-00364,Orders,86.1,76.3,3.17,1.79,2033,93.2,0,2,1
SAMPLE-00365,Checkout,67.3,97.9,4.44,6.28,361,86.9,1,2,1
SAMPLE-00366,Authentication,90.5,76,3.4,4.06,1578,94.6,0,2,1
SAMPLE-00367,Inventory,47.4,52.7,0.08,0.05,469,41.1,0,2,0
SAMPLE-00368,Inventory,37.4,56,0.66,0.06,378,45.4,0,2,0
SAMPLE-00369,Payments,82.2,75.3,3.98,2.09,1371,94.3,0,2,1
SAMPLE-00370,Authentication,83.3,89.4,2.71,12.73,353,79.4,1,2,1
SAMPLE-00371,Orders,21.2,43.3,0.55,0.01,369,10,0,2,0
SAMPLE-00372,Checkout,28.4,54.7,0.08,0.04,267,36.8,0,2,0
SAMPLE-00373,Payments,87.6,73.1,2.51,3.12,1539,96.6,0,2,1
SAMPLE-00374,Inventory,38.9,44,0.25,0.09,347,51.5,0,2,0
SAMPLE-00375,Orders,33.4,54.3,0.48,0.04,306,34,0,2,0
SAMPLE-00376,Checkout,38.5,52.8,0.57,0.03,289,37.5,1,2,0
SAMPLE-00377,Orders,60.1,35.4,0.3,0,261,42.1,0,2,0
SAMPLE-00378,Payments,78,92.2,2.86,3.62,1577,88.7,1,2,1
SAMPLE-00379,Inventory,33.4,40.7,0.2,0.05,368,20.2,0,2,0
SAMPLE-00380,Inventory,27,48.9,0.5,0.08,346,24.1,0,2,0
SAMPLE-00381,Checkout,82.5,92.8,5.21,6.7,582,57.7,1,2,1
SAMPLE-00382,Inventory,26.5,59.7,0.32,0.16,473,21.9,0,2,0
SAMPLE-00383,Authentication,42.1,42.8,0.08,0,86,46.3,0,2,0
SAMPLE-00384,Orders,66.4,89.4,4.66,8.48,389,84.3,1,2,1
SAMPLE-00385,Checkout,91.2,77.6,2.69,2.13,1072,94.9,0,2,1
SAMPLE-00386,Checkout,95.2,80.8,4.11,2.29,1370,96.8,0,2,1
SAMPLE-00387,Inventory,29.5,44.9,0.7,0.01,386,44.7,0,2,0
SAMPLE-00388,Authentication,54.4,52.2,0.63,0.07,318,50.8,0,2,0
SAMPLE-00389,Orders,54.1,57.1,0.53,0.01,106,40.6,0,2,0
SAMPLE-00390,Payments,49.8,52.5,0.21,0.01,343,31.7,0,2,0
SAMPLE-00391,Inventory,36.7,39.4,0.42,0.14,424,45.8,0,2,0
SAMPLE-00392,Orders,30,65.3,0.68,0.01,326,12.1,0,2,0
SAMPLE-00393,Orders,61.1,65,0.08,0.04,319,33.8,0,2,0
SAMPLE-00394,Inventory,35.2,40.4,0.43,0.08,421,27.2,0,2,0
SAMPLE-00395,Checkout,23.6,40.9,0.63,0.03,72,45.2,0,2,0
SAMPLE-00396,Checkout,56.4,60.7,0.26,0,396,28.5,0,2,0
SAMPLE-00397,Authentication,29.9,38.9,0.08,0.03,165,32.6,0,2,0
SAMPLE-00398,Payments,56.2,50,0.68,0.15,296,18.2,0,2,0
SAMPLE-00399,Orders,32.2,50.6,0.66,0.02,455,25.4,0,2,0
SAMPLE-00400,Orders,42.8,54.8,0.13,0.04,410,10,0,2,0
SAMPLE-00401,Inventory,38.6,61.8,0.23,0.06,369,29.4,0,2,0
SAMPLE-00402,Inventory,36.6,41.8,0.5,0.07,255,22.4,0,2,0
SAMPLE-00403,Orders,82.5,81.4,1.98,2.39,1002,93.9,1,2,0
SAMPLE-00404,Authentication,31.9,31.7,0.47,0.02,372,39,0,2,0
SAMPLE-00405,Authentication,37.3,39.5,0.13,0.09,266,40,0,2,0
SAMPLE-00406,Checkout,78,71.8,2.86,3.52,1145,89.1,0,2,1
SAMPLE-00407,Checkout,46,45.3,1,0.05,233,49.4,0,2,0
SAMPLE-00408,Inventory,88.5,82.7,2.11,2.04,1374,97.6,0,2,1
SAMPLE-00409,Authentication,88.1,79.4,3.67,1.09,1409,95.6,0,2,1
SAMPLE-00410,Payments,41.5,44,0.82,0.03,226,25.4,0,2,0
SAMPLE-00411,Inventory,55.7,62.8,0.63,0.07,414,36.6,0,2,0
SAMPLE-00412,Payments,41.5,78,1.07,0.07,330,32.8,0,2,0
SAMPLE-00413,Payments,67.2,34.2,0.09,0.01,277,60.7,1,2,0
SAMPLE-00414,Inventory,81.3,93.3,2.92,11.37,314,71.7,1,2,1
SAMPLE-00415,Checkout,49.8,44.8,0.25,0.05,406,10.1,0,2,0
SAMPLE-00416,Inventory,56.7,52.3,0.08,0.03,336,27.2,0,2,0
SAMPLE-00417,Checkout,84.5,78.4,2.86,3.29,1312,95.5,0,2,1
SAMPLE-00418,Payments,50.8,40.5,0.08,0.04,293,39.7,0,2,0
SAMPLE-00419,Inventory,27.9,58.6,0.78,0.09,161,40.2,0,2,0
SAMPLE-00420,Authentication,33.6,70.2,0.36,0.01,462,37.4,0,2,0
SAMPLE-00421,Inventory,49.5,50.9,0.42,0.06,173,12.8,1,2,0
SAMPLE-00422,Authentication,51.4,56.7,0.69,0.1,301,17.7,0,2,0
SAMPLE-00423,Inventory,93,87.9,3.64,1.42,1105,100,1,2,1
SAMPLE-00424,Checkout,25.5,39.3,0.08,0.11,329,29,0,2,0
SAMPLE-00425,Checkout,98.4,69.7,1.8,0.5,1418,89.2,0,2,0
SAMPLE-00426,Checkout,58.6,53.9,0.36,0.05,218,35.9,0,2,0
SAMPLE-00427,Orders,95.4,83.4,2.72,2.08,1557,94.8,0,2,1
SAMPLE-00428,Orders,80,87,4.56,9.92,462,99,1,2,1
SAMPLE-00429,Authentication,38.9,50.7,0.35,0.01,262,41.9,0,2,0
SAMPLE-00430,Inventory,82.1,88.8,3.98,8.92,348,66.8,1,2,1
SAMPLE-00431,Payments,88.8,75.3,2.81,1.2,1689,100,0,2,1
SAMPLE-00432,Authentication,93.1,75.7,2.66,1.63,1546,92.4,0,2,1
SAMPLE-00433,Checkout,36,48.3,0.82,0,281,20.8,0,2,0
SAMPLE-00434,Orders,46.5,55.2,0.89,0,570,33.5,1,2,0
SAMPLE-00435,Authentication,24.7,41.2,0.42,0.06,307,25,0,2,0
SAMPLE-00436,Orders,38.1,62.5,0.43,0.07,273,32.6,0,2,0
SAMPLE-00437,Authentication,42.9,41.7,0.19,0.02,274,23.7,1,2,0
SAMPLE-00438,Authentication,28.8,48.8,0.32,0.02,455,38.4,0,2,0
SAMPLE-00439,Orders,81.1,81.8,3.56,1.22,1858,92,0,2,1
SAMPLE-00440,Orders,54.3,41.6,0.18,0.03,349,47.4,0,2,0
SAMPLE-00441,Authentication,25.7,41.8,0.48,0.08,227,54.7,0,2,0
SAMPLE-00442,Payments,40.7,25,0.15,0.04,342,37,0,2,0
SAMPLE-00443,Payments,15,50.9,1.02,0.05,312,39.9,0,2,0
SAMPLE-00444,Checkout,39.4,52.2,0.24,0.09,291,26.4,0,2,0
SAMPLE-00445,Orders,46.2,60.5,0.77,0.05,411,37.4,0,2,0
SAMPLE-00446,Orders,91.1,94.7,3.13,6.17,575,71.3,1,2,1
SAMPLE-00447,Orders,28.3,56.3,0.51,0.03,512,27,0,2,0
SAMPLE-00448,Checkout,47.5,69.9,0.43,0,433,36.6,0,2,0
SAMPLE-00449,Authentication,81.9,84.9,3.43,6.79,628,57.3,1,2,1
SAMPLE-00450,Authentication,41.5,69.9,0.51,0.05,321,38.8,0,2,0
SAMPLE-00451,Checkout,29.9,54.2,0.14,0.01,504,36.1,0,2,0
SAMPLE-00452,Payments,32.5,38.9,0.74,0.1,442,24.7,0,2,0
SAMPLE-00453,Checkout,33,53.2,0.47,0.02,316,46.1,0,2,0
SAMPLE-00454,Authentication,55.5,48.1,0.43,0.05,432,21.7,0,2,0
SAMPLE-00455,Orders,61.1,92.4,3.28,3.63,639,85.5,1,2,1
SAMPLE-00456,Orders,76.9,90,2.71,16.09,700,72.2,1,2,1
SAMPLE-00457,Inventory,54.5,26.6,0.44,0,319,41.5,0,2,0
SAMPLE-00458,Authentication,18.7,39.2,0.32,0.06,207,47.9,0,2,0
SAMPLE-00459,Payments,91.9,84.9,3.22,10.48,567,88.8,1,2,1
SAMPLE-00460,Payments,49.3,40,0.67,0.05,324,46.9,0,2,0
SAMPLE-00461,Checkout,32.7,53.1,0.08,0.04,453,26.5,0,2,0
SAMPLE-00462,Checkout,64.5,54.5,0.6,0.08,251,27.7,0,2,0
SAMPLE-00463,Authentication,52.9,63.9,0.11,0.07,280,40.4,0,2,0
SAMPLE-00464,Payments,19.6,33.3,0.27,0.04,438,46.3,0,2,0
SAMPLE-00465,Inventory,41.2,59.5,0.42,0.07,122,34.4,0,2,0
SAMPLE-00466,Orders,39.5,64,0.57,0.01,390,30.3,0,2,0
SAMPLE-00467,Inventory,22.5,40.9,0.45,0.07,129,30.8,0,2,0
SAMPLE-00468,Authentication,35.9,56.9,0.39,0.03,176,42.2,0,2,0
SAMPLE-00469,Authentication,33.9,35.5,0.54,0.04,190,19.2,0,2,0
SAMPLE-00470,Checkout,48.6,44.8,0.58,0,315,38.1,1,2,0
SAMPLE-00471,Payments,59.1,59.9,0.77,0.14,349,48.6,0,2,0
SAMPLE-00472,Checkout,29.1,63.9,0.64,0.02,423,40.3,1,2,0
SAMPLE-00473,Authentication,40,33.1,0.43,0.15,185,42.8,0,2,0
SAMPLE-00474,Inventory,91.4,76.2,4.41,2.53,1241,92.7,0,2,1
SAMPLE-00475,Payments,45.5,64.1,0.43,0,380,40.1,0,2,0
SAMPLE-00476,Authentication,52.1,54.1,0.43,0.04,447,34.4,0,2,0
SAMPLE-00477,Orders,42.2,40.1,0.4,0.03,290,38.8,0,2,0
SAMPLE-00478,Checkout,15,42.8,0.35,0.01,242,36.1,0,2,0
SAMPLE-00479,Orders,88.8,98.3,5.01,8.55,401,83.1,1,2,1
SAMPLE-00480,Checkout,78,74.7,2.09,0.8,1547,90.3,0,2,1
SAMPLE-00481,Checkout,58.8,56.6,0.77,0.07,149,25,0,2,0
SAMPLE-00482,Authentication,60.2,89.6,2.47,6.97,469,70.9,1,2,1
SAMPLE-00483,Authentication,30.3,37.9,0.34,0,174,47.1,0,2,0
SAMPLE-00484,Authentication,42.6,53.5,0.44,0.04,273,58.2,0,2,0
SAMPLE-00485,Payments,96.9,85.7,4.72,3,444,66.9,1,2,1
SAMPLE-00486,Payments,53.7,50.8,0.25,0.1,245,35.7,0,2,0
SAMPLE-00487,Checkout,84.3,91.7,4.38,7.26,650,59.4,1,2,1
SAMPLE-00488,Orders,54.7,39.3,0.73,0.06,253,27.4,0,2,0
SAMPLE-00489,Inventory,27,59.6,0.84,0.02,273,46.8,1,2,0
SAMPLE-00490,Authentication,70.5,97.9,5.14,11.56,100,99,1,2,1
SAMPLE-00491,Inventory,85,81,1.8,0.5,989,94.1,0,2,0
SAMPLE-00492,Authentication,95.3,83.6,2.22,2.04,1420,90.5,1,2,1
SAMPLE-00493,Authentication,26.3,57,0.43,0.1,459,51.7,0,2,0
SAMPLE-00494,Orders,36,38.5,0.82,0.02,472,50,0,2,0
SAMPLE-00495,Checkout,33.6,56.8,0.39,0.03,205,26.4,1,2,0
SAMPLE-00496,Checkout,44.6,49,0.63,0.07,437,29.1,0,2,0
SAMPLE-00497,Payments,64.6,48.4,0.7,0.01,202,30.6,0,2,0
SAMPLE-00498,Checkout,44.2,70.3,0.09,0,389,65,0,2,0
SAMPLE-00499,Authentication,91.3,83,2.78,9.51,639,69.5,1,2,1
SAMPLE-00500,Checkout,25.9,45.8,0.87,0.03,385,10,0,2,0
SAMPLE-00501,Inventory,44.3,39.4,0.81,0.07,295,21.2,1,2,0
SAMPLE-00502,Inventory,70.4,75.2,5.03,3,707,79.8,1,2,1
SAMPLE-00503,Authentication,85.7,87.1,4.14,3.12,1277,90,0,2,1
SAMPLE-00504,Authentication,52.7,45,0.45,0.06,180,34.4,0,2,0
SAMPLE-00505,Inventory,84.7,76.2,2.81,2.56,1360,97.9,1,2,1
SAMPLE-00506,Inventory,60.1,51.2,0.38,0.12,259,36.1,0,2,0
SAMPLE-00507,Inventory,60,49.5,0.19,0.03,266,10,0,2,0
SAMPLE-00508,Checkout,43.2,32.5,0.4,0.09,198,31.8,0,2,0
SAMPLE-00509,Orders,45.6,36.6,0.53,0.01,402,52,0,2,0
SAMPLE-00510,Inventory,89.1,84.5,2.43,2.16,1906,97,1,2,1
SAMPLE-00511,Authentication,75.4,94.9,3.72,8.73,592,68.7,1,2,1
SAMPLE-00512,Payments,93.6,90.6,3.58,4.79,537,60.5,1,2,1
SAMPLE-00513,Authentication,28.3,39.1,0.21,0.03,270,15.7,0,2,0
SAMPLE-00514,Inventory,50.4,43.2,0.39,0.01,351,45.5,0,2,0
SAMPLE-00515,Authentication,46.6,32.9,0.53,0,266,35.1,0,2,0
SAMPLE-00516,Orders,56.1,55.9,0.08,0,279,32.3,0,2,0
SAMPLE-00517,Orders,33,51.2,0.26,0,298,36,0,2,0
SAMPLE-00518,Orders,62.3,46.2,0.94,0.13,342,45.9,0,2,0
SAMPLE-00519,Orders,53.4,45.7,0.55,0.13,349,42.2,1,2,0
SAMPLE-00520,Checkout,48.3,31.4,0.26,0.08,432,17.5,0,2,0
SAMPLE-00521,Authentication,47.1,59.1,0.33,0,319,31.7,0,2,0
SAMPLE-00522,Authentication,62.2,33.9,0.55,0.05,405,37.1,0,2,0
SAMPLE-00523,Payments,28.9,54.2,0.45,0.05,430,37.6,0,2,0
SAMPLE-00524,Checkout,97.4,78.9,2.22,3.98,1574,90.5,0,2,1
SAMPLE-00525,Orders,35.7,38,0.39,0.01,524,38,0,2,0
SAMPLE-00526,Orders,88,72.1,2.92,4.33,927,93.6,0,2,1
SAMPLE-00527,Inventory,15,31.4,0.29,0.03,133,28.1,0,2,0
SAMPLE-00528,Inventory,99,65,2.16,2.87,981,90.4,0,2,1
SAMPLE-00529,Checkout,15,44,0.83,0.06,399,33.2,0,2,0
SAMPLE-00530,Orders,90.7,76.3,2.96,3.77,2137,88.8,0,2,1
SAMPLE-00531,Authentication,74.7,78.8,3.05,7.14,511,61.5,1,2,1
SAMPLE-00532,Inventory,40.3,49.8,0.3,0.1,215,19.1,0,2,0
SAMPLE-00533,Authentication,32.8,62.8,1.41,0.08,341,29.8,0,2,0
SAMPLE-00534,Payments,79.4,77,2.96,4.18,1333,91.3,0,2,1
SAMPLE-00535,Payments,52.5,51.8,0.47,0.07,347,33.5,0,2,0
SAMPLE-00536,Inventory,46.6,38.9,0.67,0.16,371,31.6,0,2,0
SAMPLE-00537,Payments,83.1,92.5,2.23,13.63,472,96.5,1,2,1
SAMPLE-00538,Checkout,48,56.2,0.39,0.11,312,16.1,0,2,0
SAMPLE-00539,Orders,88.2,90.3,3.49,5.48,720,77.1,1,2,1
SAMPLE-00540,Authentication,43.3,61.8,0.35,0.09,399,27.1,0,2,0
SAMPLE-00541,Payments,40,52.4,0.62,0.02,343,45.8,0,2,0
SAMPLE-00542,Orders,76.6,90.9,3.91,16.96,676,72.4,1,2,1
SAMPLE-00543,Inventory,15,47.7,0.55,0.01,404,29.7,0,2,0
SAMPLE-00544,Authentication,21.4,41.8,0.99,0.08,453,41.6,0,2,0
SAMPLE-00545,Payments,78.2,92.7,2.42,4.82,448,97.4,1,2,1
SAMPLE-00546,Orders,37.5,52.9,0.44,0.07,412,28,0,2,0
SAMPLE-00547,Checkout,17.9,47.7,0.83,0.1,236,32.5,0,2,0
SAMPLE-00548,Orders,58.4,59.2,0.42,0.03,337,10,0,2,0
SAMPLE-00549,Checkout,91.3,87.9,3.16,4.21,1528,99.1,1,2,1
SAMPLE-00550,Checkout,96.4,73,2.64,0.83,900,92.5,0,2,1
SAMPLE-00551,Checkout,85.9,92.4,2.5,1.5,1256,97.1,1,2,1
SAMPLE-00552,Checkout,86,79.3,3.27,3.34,1752,94,0,2,1
SAMPLE-00553,Authentication,48.8,58.4,1.02,0.08,318,43.3,0,2,0
SAMPLE-00554,Authentication,32.5,55.2,0.39,0.05,384,52.5,0,2,0
SAMPLE-00555,Inventory,49.7,52.4,0.51,0.07,222,38,0,2,0
SAMPLE-00556,Inventory,71.2,86.9,3.22,8.52,367,84.3,1,2,1
SAMPLE-00557,Checkout,43,44,0.32,0.02,164,44.5,0,2,0
SAMPLE-00558,Authentication,50.3,49.7,0.46,0.04,213,42.1,0,2,0
SAMPLE-00559,Inventory,28.5,53.5,0.69,0.1,416,32.7,0,2,0
SAMPLE-00560,Checkout,96.4,73.6,2.77,0.5,1017,96.3,1,2,1
SAMPLE-00561,Authentication,80.6,76.8,2.92,1.92,1084,95.4,0,2,1
SAMPLE-00562,Checkout,50,56,0.69,0.01,366,22.8,0,2,0
SAMPLE-00563,Orders,31.4,34.9,0.51,0.11,452,25.1,0,2,0
SAMPLE-00564,Authentication,43.2,47.5,0.33,0.08,251,50.8,0,2,0
SAMPLE-00565,Inventory,40.5,45.5,0.22,0.11,360,17.9,0,2,0
SAMPLE-00566,Checkout,93.9,85,4.46,4.44,1704,87.6,0,2,1
SAMPLE-00567,Authentication,78.1,78.1,2.37,2.88,1662,87,0,2,1
SAMPLE-00568,Payments,41.3,49.7,0.08,0.05,250,27.6,0,2,0
SAMPLE-00569,Inventory,94.1,94.8,2.88,6.99,681,80.3,1,2,1
SAMPLE-00570,Checkout,22.8,56.7,0.48,0.06,372,13.4,0,2,0
SAMPLE-00571,Inventory,53.4,34.2,0.18,0.07,210,35.8,0,2,0
SAMPLE-00572,Checkout,38.6,57.8,0.2,0.01,408,24.9,0,2,0
SAMPLE-00573,Payments,35.9,53.1,0.29,0.03,303,49.5,0,2,0
SAMPLE-00574,Checkout,42.6,60.6,0.59,0.04,450,37.9,0,2,0
SAMPLE-00575,Checkout,92.3,93.5,4.01,8.69,734,88.5,1,2,1
SAMPLE-00576,Checkout,90,88.8,3.8,2.38,1299,93.1,0,2,1
SAMPLE-00577,Inventory,22.9,52.6,0.23,0.06,383,12.1,0,2,0
SAMPLE-00578,Orders,34.4,50.5,0.08,0.03,501,13.9,0,2,0
SAMPLE-00579,Authentication,26.9,25,0.67,0.07,412,28.9,0,2,0
SAMPLE-00580,Orders,32,59.6,0.27,0.05,221,28.4,0,2,0
SAMPLE-00581,Orders,35.1,38.4,0.68,0.04,164,30.6,0,2,0
SAMPLE-00582,Authentication,90.9,91.3,3.29,3.76,1077,100,0,2,1
SAMPLE-00583,Inventory,15,43.1,0.5,0.07,289,19.2,0,2,0
SAMPLE-00584,Orders,50.8,55.8,0.41,0.12,250,12.3,0,2,0
SAMPLE-00585,Authentication,34.1,29,0.35,0,159,44.4,0,2,0
SAMPLE-00586,Orders,53.3,47.5,0.65,0.1,413,34.5,0,2,0
SAMPLE-00587,Payments,22.9,46.4,0.4,0,501,46.8,0,2,0
SAMPLE-00588,Authentication,46.6,38,0.45,0.05,268,37,0,2,0
SAMPLE-00589,Orders,33.6,36.8,0.08,0.04,331,48.4,0,2,0
SAMPLE-00590,Inventory,94.9,80.3,3.79,3.49,1301,96.8,0,2,1
SAMPLE-00591,Authentication,88.1,80.6,2.5,5.25,948,90.5,0,2,1
SAMPLE-00592,Inventory,65,47.9,0.66,0.07,325,31.3,1,2,0
SAMPLE-00593,Authentication,31.2,25,0.64,0.04,399,35.4,1,2,0
SAMPLE-00594,Authentication,56.4,58.6,0.85,0.13,341,43.1,0,2,0
SAMPLE-00595,Checkout,31.8,45.2,0.18,0,338,24.1,0,2,0
SAMPLE-00596,Checkout,94.9,93.2,2.34,17.52,539,75.2,1,2,1
SAMPLE-00597,Orders,37.7,55.2,0.77,0.03,386,40.5,0,2,0
SAMPLE-00598,Authentication,52.1,27.4,0.15,0.03,431,36.9,0,2,0
SAMPLE-00599,Inventory,39.9,43.1,0.6,0.08,385,42.3,0,2,0
SAMPLE-00600,Orders,41.4,55,0.56,0.02,238,46.3,0,2,0
SAMPLE-00601,Orders,46.3,45.2,0.63,0.03,450,57.7,0,2,0
SAMPLE-00602,Checkout,99,94,3.62,2.68,2200,93.9,0,2,1
SAMPLE-00603,Authentication,28.8,56.4,0.57,0.02,449,49.4,0,2,0
SAMPLE-00604,Inventory,51.2,41.7,0.54,0.07,245,39.6,0,2,0
SAMPLE-00605,Orders,76.8,87.6,3.61,6.94,673,50,1,2,1
SAMPLE-00606,Inventory,45.9,62.6,0.87,0.07,426,34,0,2,0
SAMPLE-00607,Orders,31,51.1,1.3,0.17,415,44.9,0,2,0
SAMPLE-00608,Payments,97.8,68.1,5.1,2.44,1116,93,0,2,1
SAMPLE-00609,Checkout,43.2,52.7,0.63,0,356,31.1,0,2,0
SAMPLE-00610,Checkout,41.6,46.6,0.7,0.02,109,20.8,0,2,0
SAMPLE-00611,Orders,37.9,47.7,0.08,0.02,535,44.9,1,2,0
SAMPLE-00612,Payments,57.7,51.6,0.53,0.04,364,41,0,2,0
SAMPLE-00613,Inventory,38.2,46.9,0.8,0.03,385,22.7,0,2,0
SAMPLE-00614,Payments,32.4,48.4,0.65,0.09,291,28.2,0,2,0
SAMPLE-00615,Payments,82.7,87.5,3.91,3,468,66.2,1,2,1
SAMPLE-00616,Orders,49.5,43,0.23,0.07,389,33.4,0,2,0
SAMPLE-00617,Payments,30.5,36.2,0.8,0.04,325,39.8,0,2,0
SAMPLE-00618,Checkout,80.2,77.8,3.52,1.88,1924,95.8,0,2,1
SAMPLE-00619,Payments,39,42.5,0.29,0.05,356,33.2,0,2,0
SAMPLE-00620,Payments,87.9,92.6,3.14,0.72,1375,96.6,1,2,1
SAMPLE-00621,Inventory,48.4,49.9,0.08,0.1,50,32,0,2,0
SAMPLE-00622,Checkout,95,93,1.98,2.06,954,91.3,1,2,1
SAMPLE-00623,Inventory,27.7,52.3,0.84,0.03,422,25.8,0,2,0
SAMPLE-00624,Inventory,33.4,43.1,0.51,0.1,146,25.4,0,2,0
SAMPLE-00625,Orders,25.9,60.3,0.08,0.03,232,21.3,0,2,0
SAMPLE-00626,Checkout,21.7,37.7,0.45,0.02,370,36.2,0,2,0
SAMPLE-00627,Inventory,79.3,95,4.98,10.06,492,84.1,1,2,1
SAMPLE-00628,Payments,89.5,96.2,3.08,7.12,453,98.5,1,2,1
SAMPLE-00629,Inventory,74.8,98.4,3.33,9.22,452,74.1,1,2,1
SAMPLE-00630,Inventory,38.5,33.1,0.34,0.07,167,30.6,1,2,0
SAMPLE-00631,Orders,87.9,79.7,2.01,4.4,1709,95.6,1,2,1
SAMPLE-00632,Authentication,32.7,51.9,0.21,0.1,497,39.1,0,2,0
SAMPLE-00633,Checkout,39.6,48.1,0.2,0,403,52.6,0,2,0
SAMPLE-00634,Payments,29,59.2,0.09,0.07,184,36.4,1,2,0
SAMPLE-00635,Orders,44.4,53.2,0.61,0.04,306,19.2,0,2,0
SAMPLE-00636,Orders,77.5,86.7,3.24,9.59,422,99,1,2,1
SAMPLE-00637,Authentication,36.7,37.9,0.75,0.01,145,46.8,0,2,0
SAMPLE-00638,Authentication,76,94.1,3.35,9.13,463,79.4,1,2,1
SAMPLE-00639,Payments,93.1,84.8,2.09,2,1225,99,0,2,1
SAMPLE-00640,Inventory,98.1,83.9,2.73,4.57,1707,96.5,0,2,1
SAMPLE-00641,Authentication,99,85.7,2.76,1.8,912,96.8,0,2,1
SAMPLE-00642,Orders,37.7,46.5,0.57,0.08,419,57.4,0,2,0
SAMPLE-00643,Inventory,47.6,55.2,0.45,0,185,34.7,0,2,0
SAMPLE-00644,Inventory,39.8,45.1,0.21,0,389,52,0,2,0
SAMPLE-00645,Inventory,55.4,41.7,0.76,0.09,304,51.5,0,2,0
SAMPLE-00646,Checkout,98.3,71.8,3.06,2.34,1826,99.1,0,2,1
SAMPLE-00647,Payments,87.5,79.6,2.17,2.83,1150,93.7,0,2,1
SAMPLE-00648,Authentication,82.3,91.2,4.82,14.78,574,90.6,1,2,1
SAMPLE-00649,Authentication,45,44.5,0.2,0.01,339,25.8,0,2,0
SAMPLE-00650,Checkout,42.6,64.8,0.38,0.07,268,29.8,0,2,0
SAMPLE-00651,Authentication,78,87.5,2.95,2.73,900,90.7,0,2,1
SAMPLE-00652,Authentication,36,50.6,0.26,0.06,370,38.3,1,2,0
SAMPLE-00653,Checkout,45.9,58.2,0.44,0.03,354,36.7,1,2,0
SAMPLE-00654,Payments,43.8,60.1,0.08,0,244,19.3,1,2,0
SAMPLE-00655,Authentication,86,88.6,3.14,11.74,698,84.5,1,2,1
SAMPLE-00656,Orders,27.5,39.5,0.57,0,251,26,0,2,0
SAMPLE-00657,Authentication,34.1,57.5,0.48,0.02,394,40.3,0,2,0
SAMPLE-00658,Orders,78,65,3.96,3.23,1682,92.3,0,2,1
SAMPLE-00659,Authentication,42.8,54.2,0.45,0.05,258,63.6,1,2,0
SAMPLE-00660,Inventory,37.2,52.3,0.23,0.14,277,56.2,0,2,0
SAMPLE-00661,Inventory,45.2,46.1,0.53,0.07,317,22.4,0,2,0
SAMPLE-00662,Inventory,35.3,45.7,0.65,0.04,357,60.4,0,2,0
SAMPLE-00663,Inventory,47.2,40,0.08,0.09,287,23.3,0,2,0
SAMPLE-00664,Payments,52.5,60.3,0.08,0.03,513,62.5,0,2,0
SAMPLE-00665,Inventory,38.4,34.7,0.21,0.06,391,27.2,1,2,0
SAMPLE-00666,Authentication,36.2,44.7,0.17,0.09,441,17.7,0,2,0
SAMPLE-00667,Payments,58.5,51.3,0.29,0.02,231,27.2,0,2,0
SAMPLE-00668,Payments,77.3,95.2,4.13,14.59,568,91.2,1,2,1
SAMPLE-00669,Checkout,49.3,49.7,0.63,0.05,342,47,0,2,0
SAMPLE-00670,Inventory,57.9,52.1,0.24,0.07,372,50.2,1,2,0
SAMPLE-00671,Authentication,41.1,51.2,0.77,0.1,263,32.9,0,2,0
SAMPLE-00672,Authentication,81.9,93.2,3.64,5.27,576,84.7,1,2,1
SAMPLE-00673,Inventory,49.2,56.2,0.23,0,268,53.3,0,2,0
SAMPLE-00674,Payments,26.2,39.9,0.45,0.08,407,25.3,0,2,0
SAMPLE-00675,Orders,44,52.1,0.79,0.1,316,15.8,0,2,0
SAMPLE-00676,Orders,52.1,43.2,0.08,0.01,379,31.7,1,2,0
SAMPLE-00677,Orders,82.2,95.8,3.43,5.5,552,82.2,1,2,1
SAMPLE-00678,Inventory,33.4,41.8,0.22,0.03,345,37.2,0,2,0
SAMPLE-00679,Authentication,53.5,53.8,0.1,0.04,429,28.8,1,2,0
SAMPLE-00680,Orders,50.2,53.1,0.17,0.02,238,37,0,2,0
SAMPLE-00681,Authentication,43.9,52.4,0.39,0.11,248,30.9,1,2,0
SAMPLE-00682,Authentication,39.1,50.3,0.2,0.09,466,40.7,0,2,0
SAMPLE-00683,Authentication,40.6,40.2,0.8,0.06,328,18.5,0,2,0
SAMPLE-00684,Inventory,55.4,55.1,0.77,0.03,280,61.7,0,2,0
SAMPLE-00685,Authentication,47.2,64.2,0.39,0.03,399,48.6,0,2,0
SAMPLE-00686,Checkout,78.6,95,3.88,1.33,903,94.3,0,2,1
SAMPLE-00687,Inventory,58.4,44,0.47,0.04,324,38.5,0,2,0
SAMPLE-00688,Inventory,96.5,65.4,2.54,2.01,1886,97.9,0,2,1
SAMPLE-00689,Orders,31.4,51.6,0.52,0.1,360,38.7,0,2,0
SAMPLE-00690,Authentication,45.1,60.7,1.1,0.04,443,18.7,0,2,0
SAMPLE-00691,Checkout,79,99,3.36,4.69,359,78.3,1,2,1
SAMPLE-00692,Checkout,52.9,55.9,0.11,0.06,420,39.5,0,2,0
SAMPLE-00693,Authentication,61.4,48.9,0.55,0.02,264,32.2,0,2,0
SAMPLE-00694,Checkout,90.1,77.6,2.19,2.4,1494,93.4,0,2,1
SAMPLE-00695,Orders,34.5,61.8,0.32,0.06,289,48.5,0,2,0
SAMPLE-00696,Checkout,15,59.5,0.3,0.03,243,52.6,0,2,0
SAMPLE-00697,Orders,72.4,99,3.07,6.22,326,73.4,1,2,1
SAMPLE-00698,Inventory,59.9,49.3,0.76,0.03,416,39.2,0,2,0
SAMPLE-00699,Inventory,78.8,89.6,2.88,7.16,572,77.9,1,2,1
SAMPLE-00700,Orders,25.8,54.1,0.3,0.04,276,17.8,0,2,0
SAMPLE-00701,Orders,38.6,39.5,0.11,0.07,546,45.6,0,2,0
SAMPLE-00702,Checkout,45.2,55.8,0.41,0.11,285,38.9,0,2,0
SAMPLE-00703,Inventory,73.3,56,0.35,0.11,306,28.6,0,2,0
SAMPLE-00704,Authentication,15.9,66.8,0.32,0.06,381,10,0,2,0
SAMPLE-00705,Checkout,93.4,75,3.39,2.35,1671,95.5,1,2,1
SAMPLE-00706,Checkout,96.9,87,2.78,5.31,479,82.2,1,2,1
SAMPLE-00707,Checkout,38.4,51.5,0.3,0.03,215,51,0,2,0
SAMPLE-00708,Authentication,45.1,45.9,0.08,0,305,26.5,0,2,0
SAMPLE-00709,Authentication,50.8,58.1,0.2,0.07,386,39.7,0,2,0
SAMPLE-00710,Checkout,99,86.6,3.2,1.73,1555,97.2,0,2,1
SAMPLE-00711,Authentication,36.8,37.5,0.14,0.06,396,10,0,2,0
SAMPLE-00712,Checkout,39.2,49.9,0.57,0.03,361,34.8,0,2,0
SAMPLE-00713,Orders,59,46.1,0.49,0.17,387,32.6,0,2,0
SAMPLE-00714,Checkout,43.8,57.1,0.08,0.01,297,25.5,0,2,0
SAMPLE-00715,Authentication,26.9,51.1,0.57,0.02,175,28.1,0,2,0
SAMPLE-00716,Inventory,88.1,78.5,1.97,3.12,1634,95.3,0,2,1
SAMPLE-00717,Inventory,85.8,85.8,3,2.22,1256,93.2,0,2,1
SAMPLE-00718,Authentication,41.2,50.9,0.66,0.01,363,34.7,0,2,0
SAMPLE-00719,Orders,39.4,43.3,0.71,0,180,35.1,0,2,0
SAMPLE-00720,Inventory,78,91.7,3.4,10.47,503,92.2,1,2,1
SAMPLE-00721,Payments,65.9,57.1,0.7,0.05,314,29.8,0,2,0
SAMPLE-00722,Checkout,53.5,54.9,0.52,0.06,163,28.7,0,2,0
SAMPLE-00723,Authentication,30.7,47.1,0.71,0,401,35.4,0,2,0
SAMPLE-00724,Checkout,41.2,60.5,0.32,0.08,188,14.4,0,2,0
SAMPLE-00725,Authentication,44.1,40.4,0.41,0.04,348,17.8,0,2,0
SAMPLE-00726,Orders,39.7,46.8,0.08,0.05,398,27.8,0,2,0
SAMPLE-00727,Authentication,97.3,88.4,3.74,11.44,502,61.2,1,2,1
SAMPLE-00728,Authentication,46.1,46.5,0.43,0.04,295,10.5,0,2,0
SAMPLE-00729,Checkout,18.4,57.9,0.34,0.06,319,43.7,0,2,0
SAMPLE-00730,Inventory,97.1,88.6,2.43,2.84,900,93.1,0,2,1
SAMPLE-00731,Checkout,89.5,75.7,3.16,1.54,1467,95,1,2,1
SAMPLE-00732,Orders,93.9,84.9,2.67,2.78,1334,93,0,2,1
SAMPLE-00733,Payments,34.9,49.7,0.47,0.09,267,39.2,0,2,0
SAMPLE-00734,Orders,83,80.1,2.64,0.85,1277,91.7,1,2,1
SAMPLE-00735,Checkout,40,58.1,0.82,0.02,481,20,0,2,0
SAMPLE-00736,Authentication,81.1,89.1,2.12,8.14,527,59.3,1,2,1
SAMPLE-00737,Orders,37.3,50.3,0.45,0.1,219,47.5,0,2,0
SAMPLE-00738,Orders,37.6,47.3,0.4,0,440,34.7,1,2,0
SAMPLE-00739,Authentication,37.1,51.8,0.47,0.03,228,37.5,0,2,0
SAMPLE-00740,Inventory,49,50.4,0.93,0.06,275,19.7,0,2,0
SAMPLE-00741,Orders,86.1,82.9,2.28,3.76,1823,94.3,0,2,1
SAMPLE-00742,Inventory,80.2,88,2.41,8.75,525,81.7,1,2,1
SAMPLE-00743,Orders,39.1,44.3,0.47,0.06,309,50,0,2,0
SAMPLE-00744,Authentication,41.4,46.2,0.33,0.05,273,31.6,0,2,0
SAMPLE-00745,Payments,89.1,72.5,3.79,1.56,1551,90.5,0,2,1
SAMPLE-00746,Authentication,48.2,47.7,0.7,0.1,298,37.1,0,2,0
SAMPLE-00747,Orders,44.7,45,0.12,0.02,295,52.5,0,2,0
SAMPLE-00748,Checkout,41.6,52.2,0.42,0.06,347,50.6,0,2,0
SAMPLE-00749,Orders,16.8,57.2,0.19,0.07,310,16.8,1,2,0
SAMPLE-00750,Payments,47.1,53.4,0.29,0.06,424,31.3,0,2,0
SAMPLE-00751,Payments,22.7,44.6,0.33,0.07,338,26.4,0,2,0
SAMPLE-00752,Payments,42.6,25,0.71,0.08,516,20.4,0,2,0
SAMPLE-00753,Inventory,28.3,37.1,0.39,0.07,320,53.7,0,2,0
SAMPLE-00754,Checkout,61.4,59.5,0.26,0.02,466,24.7,0,2,0
SAMPLE-00755,Authentication,38.4,50.4,0.12,0.07,341,39.4,0,2,0
SAMPLE-00756,Inventory,15.2,54.8,0.49,0.05,300,34.2,1,2,0
SAMPLE-00757,Checkout,34,41.1,0.08,0,235,52.9,0,2,0
SAMPLE-00758,Payments,58.8,64.1,0.22,0.02,309,42.2,0,2,0
SAMPLE-00759,Authentication,47.6,34.9,0.58,0.11,365,35.1,0,2,0
SAMPLE-00760,Orders,67.6,98.1,4.9,3,410,50,1,2,1
SAMPLE-00761,Orders,65.2,44.2,0.15,0.06,362,38.8,0,2,0
SAMPLE-00762,Orders,31.5,45,0.27,0.07,307,48.7,0,2,0
SAMPLE-00763,Orders,74.2,87.2,3.24,7.08,409,64.4,1,2,1
SAMPLE-00764,Checkout,94.6,83.5,3.08,3.59,1791,95,0,2,1
SAMPLE-00765,Payments,83.7,84.5,3.82,7.3,520,52,1,2,1
SAMPLE-00766,Payments,42.3,53.2,0.95,0.07,357,27.1,0,2,0
SAMPLE-00767,Authentication,34.8,57,0.62,0,270,41.5,0,2,0
SAMPLE-00768,Checkout,30.5,61.7,0.56,0.04,387,26.8,0,2,0
SAMPLE-00769,Authentication,56.5,54,0.28,0.05,267,37.9,0,2,0
SAMPLE-00770,Payments,37.5,49.3,0.2,0.07,364,30.8,0,2,0
SAMPLE-00771,Inventory,89.5,95,2.61,3.38,2142,100,1,2,1
SAMPLE-00772,Payments,55.8,64.1,0.28,0.16,179,55.4,0,2,0
SAMPLE-00773,Inventory,84.5,82.2,3.14,3.45,1916,97.6,0,2,1
SAMPLE-00774,Inventory,48.9,61.3,0.89,0.07,430,28.7,0,2,0
SAMPLE-00775,Payments,90.5,74.7,2.85,2.7,922,89.6,1,2,1
SAMPLE-00776,Inventory,48.4,37.5,0.81,0,452,46.4,0,2,0
SAMPLE-00777,Inventory,38.6,47.2,0.37,0.01,437,49.7,0,2,0
SAMPLE-00778,Payments,30.6,43.2,0.42,0.07,328,45.8,0,2,0
SAMPLE-00779,Inventory,28.2,45.5,0.51,0.05,174,22.8,0,2,0
SAMPLE-00780,Inventory,42.9,48.3,0.49,0.08,299,41.9,0,2,0
SAMPLE-00781,Payments,47.5,28.4,0.18,0.09,198,40.3,0,2,0
SAMPLE-00782,Payments,88.4,89.3,3.89,4.59,365,70.3,1,2,1
SAMPLE-00783,Inventory,55.6,56.6,0.2,0.04,309,30,0,2,0
SAMPLE-00784,Inventory,80.5,93.2,3.53,8.03,347,90.9,1,2,1
SAMPLE-00785,Authentication,16.1,25,0.37,0.02,204,25.2,0,2,0
SAMPLE-00786,Authentication,71,93.9,4.17,3.67,553,73.5,1,2,1
SAMPLE-00787,Orders,91.9,84.2,2.58,1.26,1487,89.9,0,2,1
SAMPLE-00788,Payments,44.2,30.4,0.08,0.04,388,27.1,0,2,0
SAMPLE-00789,Checkout,60.8,48.5,0.65,0.04,210,57.4,1,2,0
SAMPLE-00790,Checkout,41.6,51.8,0.59,0.04,483,33.4,0,2,0
SAMPLE-00791,Checkout,25.7,65.9,0.08,0.13,245,23,0,2,0
SAMPLE-00792,Checkout,56.7,63.9,0.44,0.12,338,39.3,0,2,0
SAMPLE-00793,Inventory,90.5,86.5,2.42,1.9,1732,100,0,2,1
SAMPLE-00794,Checkout,51.3,48.2,0.31,0.01,275,20.1,0,2,0
SAMPLE-00795,Payments,34.4,52.5,0.09,0.02,431,36,0,2,0
SAMPLE-00796,Checkout,42.6,58.3,0.53,0.07,322,42.2,1,2,0
SAMPLE-00797,Authentication,78.5,88.1,2.53,3.93,1724,93,0,2,1
SAMPLE-00798,Authentication,43.8,61.7,0.61,0.07,319,34.4,1,2,0
SAMPLE-00799,Orders,72.7,83.5,4.01,4.42,567,70.1,1,2,1
SAMPLE-00800,Checkout,95.7,82.1,2.38,3.83,1119,92.9,1,2,1
SAMPLE-00801,Authentication,47,44.2,0.21,0,251,25.4,1,2,0
SAMPLE-00802,Inventory,93.7,76.6,3.29,2.84,1032,86.6,0,2,1
SAMPLE-00803,Checkout,56.1,47.3,0.51,0,524,38.7,0,2,0
SAMPLE-00804,Orders,81.7,85.1,3.76,2.54,1720,95.2,0,2,1
SAMPLE-00805,Orders,85.4,67.3,2.49,2.92,1667,88.9,0,2,1
SAMPLE-00806,Payments,23.7,34.2,0.28,0.05,277,46.8,0,2,0
SAMPLE-00807,Checkout,60.2,48.2,0.34,0.1,329,31.1,0,2,0
SAMPLE-00808,Inventory,38.2,47.2,0.6,0.07,260,34.3,1,2,0
SAMPLE-00809,Checkout,85.5,73.5,4.3,3.93,1405,100,0,2,1
SAMPLE-00810,Authentication,53.7,39.8,0.16,0.07,379,51.1,0,2,0
SAMPLE-00811,Authentication,32.8,46.3,0.75,0.07,344,18.4,0,2,0
SAMPLE-00812,Inventory,42.9,49.1,0.74,0.02,307,33.5,1,2,0
SAMPLE-00813,Orders,91.8,76,2.44,1.45,1171,93.2,0,2,1
SAMPLE-00814,Inventory,55.9,42.8,0.45,0.1,392,42.1,0,2,0
SAMPLE-00815,Authentication,30.5,38,0.66,0,283,22.5,0,2,0
SAMPLE-00816,Checkout,44.9,63.5,0.55,0.1,344,21.1,0,2,0
SAMPLE-00817,Authentication,78,75.4,1.8,5.7,1478,93.5,1,2,1
SAMPLE-00818,Authentication,87.9,72.7,3.07,1.8,1373,88.3,0,2,1
SAMPLE-00819,Checkout,35.7,57.9,0.08,0.05,347,34.8,0,2,0
SAMPLE-00820,Authentication,86.1,73.4,3.01,3.69,1232,94.2,0,2,1
SAMPLE-00821,Orders,52.4,53,0.37,0.03,321,33,0,2,0
SAMPLE-00822,Orders,82.4,72.6,3.62,1.98,1646,97.3,0,2,1
SAMPLE-00823,Orders,85.4,73.3,3.62,1.41,1175,97.2,0,2,1
SAMPLE-00824,Authentication,75.6,88.1,4.11,13.54,442,68.5,1,2,1
SAMPLE-00825,Authentication,87.9,78,2.73,2.39,1687,91.7,0,2,1
SAMPLE-00826,Inventory,55.3,71,0.4,0.04,171,22,1,2,0
SAMPLE-00827,Authentication,30.5,75.8,0.13,0.12,293,43,0,2,0
SAMPLE-00828,Authentication,41.5,59.3,0.26,0.05,232,46.9,0,2,0
SAMPLE-00829,Authentication,48.5,54.9,0.28,0.08,57,47.9,0,2,0
SAMPLE-00830,Authentication,60,49.7,0.08,0,278,50,0,2,0
SAMPLE-00831,Payments,42.9,53.1,0.72,0.09,339,30.1,0,2,0
SAMPLE-00832,Payments,47,59.5,0.46,0.08,199,30,0,2,0
SAMPLE-00833,Payments,73.2,89,4.44,8.94,531,61.1,1,2,1
SAMPLE-00834,Payments,48,53.7,0.71,0.11,337,52.8,0,2,0
SAMPLE-00835,Inventory,44,59.1,0.21,0,318,17.4,0,2,0
SAMPLE-00836,Inventory,42.6,62.9,0.36,0.04,278,42.4,0,2,0
SAMPLE-00837,Orders,69.4,92.9,4.33,12.56,596,58.9,1,2,1
SAMPLE-00838,Orders,87.7,77.2,2.64,0.5,1284,92,0,2,1
SAMPLE-00839,Checkout,55.5,58.7,0.21,0,469,37.8,0,2,0
SAMPLE-00840,Checkout,68.1,93.4,4.73,5.6,306,63.6,1,2,1
SAMPLE-00841,Authentication,33.3,25,0.49,0,461,57.9,0,2,0
SAMPLE-00842,Authentication,83.5,87.8,2.08,1.93,1660,95.1,1,2,1
SAMPLE-00843,Inventory,46,59.2,0.48,0,423,42,0,2,0
SAMPLE-00844,Inventory,48.5,43.4,0.39,0.07,201,21.1,0,2,0
SAMPLE-00845,Orders,64.4,48.6,0.65,0.09,294,28.3,0,2,0
SAMPLE-00846,Orders,78,74.9,2.49,1.04,1223,95,0,2,1
SAMPLE-00847,Checkout,81.2,77.9,3.34,2.89,1080,100,0,2,1
SAMPLE-00848,Checkout,37.1,52.6,0.56,0.07,323,18,0,2,0
SAMPLE-00849,Payments,38.8,25.6,1.01,0.09,309,20.5,0,2,0
SAMPLE-00850,Orders,38.8,35.9,0.63,0.11,342,32.8,0,2,0
SAMPLE-00851,Inventory,88,88.5,3.68,2.23,1373,92.5,0,2,1
SAMPLE-00852,Inventory,34.6,50.1,0.26,0.05,319,30.6,0,2,0
SAMPLE-00853,Authentication,25.4,30.7,0.31,0.1,267,44.1,0,2,0
SAMPLE-00854,Orders,63.5,58.4,0.79,0.01,302,30.5,0,2,0
SAMPLE-00855,Authentication,91.7,82.2,3.47,2.91,1566,100,1,2,1
SAMPLE-00856,Inventory,92.3,67.5,2.58,1.97,1274,89.7,1,2,1
SAMPLE-00857,Authentication,88.5,77.2,3.58,3.06,995,91.9,0,2,1
SAMPLE-00858,Orders,96.9,71.2,2.67,3.54,1301,91.8,0,2,1
SAMPLE-00859,Inventory,38.4,38.8,0.28,0,150,20.6,0,2,0
SAMPLE-00860,Checkout,88.1,93.7,2.3,12.26,651,77.4,1,2,1
SAMPLE-00861,Checkout,37.5,46,0.31,0.09,446,48.7,1,2,0
SAMPLE-00862,Checkout,28.2,54.1,0.45,0.04,125,19.6,0,2,0
SAMPLE-00863,Checkout,50.8,49.7,0.56,0.07,128,35.6,0,2,0
SAMPLE-00864,Inventory,85.2,77.9,3.88,3.11,1391,98.7,0,2,1
SAMPLE-00865,Orders,87.7,72.8,2.57,3.73,1072,97.2,0,2,1
SAMPLE-00866,Orders,89.9,74,3.07,2.01,900,95.9,0,2,1
SAMPLE-00867,Orders,92.1,87.1,3.6,1.43,1008,91.1,0,2,1
SAMPLE-00868,Payments,76.6,91.9,3.62,10.04,439,84.8,1,2,1
SAMPLE-00869,Authentication,78,79.9,2.37,2.21,1290,89.6,0,2,1
SAMPLE-00870,Payments,49.4,55.9,0.08,0,202,27.4,0,2,0
SAMPLE-00871,Authentication,42.3,51.9,0.59,0.17,232,25.7,0,2,0
SAMPLE-00872,Inventory,80.6,78.2,4.09,3.14,1237,96.2,0,2,1
SAMPLE-00873,Checkout,25.8,53,0.22,0.03,318,16.1,0,2,0
SAMPLE-00874,Payments,93.4,72.7,2.91,2.54,1479,95.9,1,2,1
SAMPLE-00875,Inventory,96.2,94.4,1.91,2.85,1961,93,0,2,1
SAMPLE-00876,Inventory,31.4,47.4,0.37,0.06,330,47.4,0,2,0
SAMPLE-00877,Checkout,41.6,44,0.32,0.07,427,36.3,0,2,0
SAMPLE-00878,Inventory,55.2,56.7,0.79,0.06,231,31.2,0,2,0
SAMPLE-00879,Authentication,90,80.6,2.51,5.24,1402,86,0,2,1
SAMPLE-00880,Payments,60.9,54.9,0.32,0.06,169,35.2,0,2,0
SAMPLE-00881,Authentication,36.9,37.3,0.8,0.07,508,39.6,0,2,0
SAMPLE-00882,Payments,29.1,40.2,0.09,0,330,34.3,0,2,0
SAMPLE-00883,Payments,62.6,28,0.26,0.05,318,30.9,0,2,0
SAMPLE-00884,Authentication,90.5,82.7,1.64,8.99,564,97.2,1,2,1
SAMPLE-00885,Inventory,47.2,49.8,0.28,0,257,23.3,0,2,0
SAMPLE-00886,Checkout,40.5,47.7,0.26,0.09,509,25.1,0,2,0
SAMPLE-00887,Orders,34,63.8,0.42,0.12,318,46.9,0,2,0
SAMPLE-00888,Payments,22.5,40.1,0.76,0,374,31.6,0,2,0
SAMPLE-00889,Authentication,44.1,50.5,0.67,0.08,383,42.4,0,2,0
SAMPLE-00890,Checkout,48.1,52.2,0.68,0.09,216,39.1,0,2,0
SAMPLE-00891,Authentication,76.8,97.1,4.05,5.07,767,74.6,1,2,1
SAMPLE-00892,Orders,31.8,45.9,0.6,0.04,376,29.1,0,2,0
SAMPLE-00893,Authentication,49.3,43.2,0.08,0.1,315,43.9,0,2,0
SAMPLE-00894,Payments,60.2,36.7,0.58,0.07,385,43.8,0,2,0
SAMPLE-00895,Orders,41.9,38.5,0.12,0,371,54.6,0,2,0
SAMPLE-00896,Orders,90.2,81.9,1.8,3.35,1349,93.2,0,2,1
SAMPLE-00897,Orders,94.7,82.7,3.49,3.61,1645,96.5,0,2,1
SAMPLE-00898,Orders,88.5,88.1,3.05,3.03,958,97.6,0,2,1
SAMPLE-00899,Authentication,59.7,56.2,0.6,0.13,250,29,0,2,0
SAMPLE-00900,Inventory,40.6,38.3,0.63,0.07,454,44.8,0,2,0
SAMPLE-00901,Checkout,89.5,77.2,3.99,3.42,2200,91.2,0,2,1
SAMPLE-00902,Orders,72.8,93.6,3.56,14.98,239,99,1,2,1
SAMPLE-00903,Payments,85.4,89.4,2.72,4.9,378,68.2,1,2,1
SAMPLE-00904,Payments,25,48.8,0.11,0,289,17.4,0,2,0
SAMPLE-00905,Orders,34.7,51.3,0.08,0.07,433,42.7,1,2,0
SAMPLE-00906,Checkout,70.1,95.8,3.9,5.22,576,92.1,1,2,1
SAMPLE-00907,Checkout,54.2,47.8,0.29,0.04,365,46.2,0,2,0
SAMPLE-00908,Inventory,54,42.1,0.08,0.08,201,14.4,0,2,0
SAMPLE-00909,Authentication,42.6,60.8,0.08,0.02,327,50.9,0,2,0
SAMPLE-00910,Orders,53.7,55.4,0.53,0,339,44.5,0,2,0
SAMPLE-00911,Payments,83.8,81.6,2.77,1.3,1326,94.6,1,2,1
SAMPLE-00912,Orders,56.6,49,0.32,0.07,278,65,1,2,0
SAMPLE-00913,Inventory,44.5,64.3,0.29,0.12,257,19.8,0,2,0
SAMPLE-00914,Checkout,91.9,92.9,2.39,8.74,512,99,1,2,1
SAMPLE-00915,Orders,52.7,47.9,0.51,0.02,385,38.9,0,2,0
SAMPLE-00916,Payments,90.6,88.3,4.72,2.99,1743,96,1,2,1
SAMPLE-00917,Orders,33.6,39.1,0.96,0.02,365,36.6,0,2,0
SAMPLE-00918,Inventory,15,30.9,0.6,0.11,354,37.2,0,2,0
SAMPLE-00919,Orders,49.9,46.2,0.17,0.06,439,33,0,2,0
SAMPLE-00920,Orders,89.6,88.1,2.69,0.9,1721,92.9,0,2,1
SAMPLE-00921,Inventory,28.7,51.6,0.48,0.02,225,34.9,0,2,0
SAMPLE-00922,Authentication,99,77.1,2.32,3.85,936,89.9,0,2,1
SAMPLE-00923,Orders,50.4,62.7,0.45,0.09,437,15.5,0,2,0
SAMPLE-00924,Payments,84.6,83,3.16,2.81,1857,91.6,1,2,1
SAMPLE-00925,Checkout,19.4,43,0.35,0.05,305,25.9,1,2,0
SAMPLE-00926,Payments,43.3,41.8,0.6,0.06,148,41.7,0,2,0
SAMPLE-00927,Payments,42.9,44.7,0.49,0.13,485,33.7,0,2,0
SAMPLE-00928,Payments,39.8,66.1,0.38,0.08,218,23.8,0,2,0
SAMPLE-00929,Checkout,81.2,82.5,2.49,5.75,345,67.8,1,2,1
SAMPLE-00930,Orders,96.1,73.7,3.65,2.35,1864,91.1,0,2,1
SAMPLE-00931,Inventory,81,86,2.48,2.38,1152,90.5,0,2,1
SAMPLE-00932,Payments,87,82.8,2.99,0.66,1775,98.2,0,2,1
SAMPLE-00933,Authentication,43.5,63.9,0.1,0.06,230,38.6,0,2,0
SAMPLE-00934,Orders,67.1,47.2,0.4,0.06,227,52.2,0,2,0
SAMPLE-00935,Authentication,31.7,43,0.48,0.04,254,45,0,2,0
SAMPLE-00936,Authentication,65.1,47.6,0.33,0.01,262,41.2,0,2,0
SAMPLE-00937,Checkout,36.2,59.4,0.5,0.07,484,36.8,0,2,0
SAMPLE-00938,Payments,99,82.9,2.88,3.04,1311,99.6,0,2,1
SAMPLE-00939,Checkout,67.1,84.8,2.62,10.23,267,80.5,1,2,1
SAMPLE-00940,Authentication,56.2,38.8,0.42,0.08,274,29.1,0,2,0
SAMPLE-00941,Checkout,42.6,30.9,0.16,0.05,293,27.1,0,2,0
SAMPLE-00942,Inventory,35.8,33.8,0.41,0.03,354,29.3,0,2,0
SAMPLE-00943,Payments,65.8,99,3.43,10.21,673,81.2,1,2,1
SAMPLE-00944,Authentication,46.4,44.7,0.53,0.08,303,46.3,0,2,0
SAMPLE-00945,Authentication,28.7,48.4,0.56,0.07,223,33.8,0,2,0
SAMPLE-00946,Inventory,99,73.9,4.24,1.95,1555,100,1,2,1
SAMPLE-00947,Checkout,53.4,62.4,0.45,0.07,291,46.9,0,2,0
SAMPLE-00948,Orders,62.2,50.2,0.19,0.05,203,14,0,2,0
SAMPLE-00949,Inventory,81,70.2,2.53,0.5,900,99.6,0,2,1
SAMPLE-00950,Authentication,33.7,49.1,0.49,0.01,163,33.8,0,2,0
SAMPLE-00951,Orders,51.9,39.8,0.6,0,407,44.2,0,2,0
SAMPLE-00952,Inventory,82.2,90.1,4.59,8.45,365,99,1,2,1
SAMPLE-00953,Authentication,47.6,57.9,0.58,0.01,294,34,0,2,0
SAMPLE-00954,Authentication,61.1,54.9,0.26,0.04,265,28.8,0,2,0
SAMPLE-00955,Authentication,15.9,36.1,0.57,0.01,447,26.2,0,2,0
SAMPLE-00956,Payments,46.7,51.2,0.33,0.07,297,27.3,1,2,0
SAMPLE-00957,Inventory,78,84.1,5.27,3.36,1760,99.6,0,2,1
SAMPLE-00958,Inventory,90.3,82,3.27,0.59,1208,95.3,0,2,1
SAMPLE-00959,Payments,83.8,79.8,1.8,2.38,1280,84.7,0,2,0
SAMPLE-00960,Checkout,84.7,76.6,1.8,2.4,1377,90.7,0,2,0
SAMPLE-00961,Orders,53.7,35.7,0.29,0.01,391,24.3,0,2,0
SAMPLE-00962,Payments,34.9,65.7,0.19,0,238,41.5,0,2,0
SAMPLE-00963,Checkout,41.2,43.7,0.62,0,310,39.4,0,2,0
SAMPLE-00964,Orders,51.6,54.5,0.61,0.01,441,50,0,2,0
SAMPLE-00965,Inventory,47.9,54.2,0.21,0.04,323,36.7,1,2,0
SAMPLE-00966,Payments,85.2,75.7,2.22,1.21,1550,96.3,0,2,1
SAMPLE-00967,Checkout,29,38.7,0.46,0.05,508,13.7,0,2,0
SAMPLE-00968,Inventory,66.2,53.3,0.38,0.1,414,12,0,2,0
SAMPLE-00969,Inventory,77.6,94.3,1.93,7.49,448,74.5,1,2,1
SAMPLE-00970,Authentication,86.9,72.4,3.09,0.94,1078,92.9,0,2,1
SAMPLE-00971,Payments,86.8,88.2,2.65,5.27,693,85,1,2,1
SAMPLE-00972,Orders,84.2,65,2.34,2.96,1835,97.3,0,2,1
SAMPLE-00973,Payments,99,75.4,1.94,0.97,1485,94.4,0,2,1
SAMPLE-00974,Authentication,31.8,58.6,0.34,0.06,98,35.3,0,2,0
SAMPLE-00975,Inventory,50.3,48.7,0.42,0.11,316,45.9,0,2,0
SAMPLE-00976,Authentication,15,45.8,0.77,0.08,350,22.6,0,2,0
SAMPLE-00977,Inventory,47.7,42.8,0.08,0.03,405,37.8,0,2,0
SAMPLE-00978,Orders,32.9,39.6,0.8,0.1,428,35.8,0,2,0
SAMPLE-00979,Checkout,55.7,33.7,0.51,0.03,183,38,0,2,0
SAMPLE-00980,Orders,47.2,77.3,0.28,0.09,235,47.6,0,2,0
SAMPLE-00981,Payments,16,57.2,0.43,0.07,387,24.5,0,2,0
SAMPLE-00982,Authentication,44.8,52.7,0.08,0,339,39.9,0,2,0
SAMPLE-00983,Orders,52.1,44,0.31,0.1,397,44.8,0,2,0
SAMPLE-00984,Inventory,16.8,54.7,0.56,0.11,312,31,0,2,0
SAMPLE-00985,Checkout,85.1,84.5,2.87,2.51,1495,94.3,1,2,1
SAMPLE-00986,Inventory,52.2,45.9,0.42,0.04,388,44.8,0,2,0
SAMPLE-00987,Checkout,49.5,48.9,0.86,0.11,257,32.4,0,2,0
SAMPLE-00988,Orders,42.9,43.3,0.52,0.03,196,26.9,0,2,0
SAMPLE-00989,Authentication,35.6,37.3,0.27,0.04,336,32.7,0,2,0
SAMPLE-00990,Payments,78,84,3.07,5.95,601,99,1,2,1
SAMPLE-00991,Payments,44.1,39.2,0.08,0.01,385,46.2,0,2,0
SAMPLE-00992,Payments,90.6,84.6,1.91,0.5,2108,93.2,0,2,0
SAMPLE-00993,Inventory,64,46.2,0.78,0.04,88,27.5,0,2,0
SAMPLE-00994,Authentication,55.6,57.3,1.07,0.03,391,43,0,2,0
SAMPLE-00995,Inventory,98.2,79.3,2.11,1.25,1313,95.6,0,2,1
SAMPLE-00996,Payments,73.1,92.9,4.01,11.65,732,50,1,2,1
SAMPLE-00997,Orders,50.9,68.2,0.38,0.13,284,15.9,0,2,0
SAMPLE-00998,Checkout,35,60,0.46,0.1,405,10,0,2,0
SAMPLE-00999,Inventory,81.2,89.9,2.52,10.51,455,78.1,1,2,1
SAMPLE-01000,Payments,80.8,68.9,3.07,4.1,1959,91.1,0,2,1
SAMPLE-01001,Orders,93,89.3,2.04,10.15,533,50.5,1,2,1
SAMPLE-01002,Checkout,48.8,34.8,0.08,0.07,372,31.2,0,2,0
SAMPLE-01003,Payments,92.4,82,2.14,1.93,1512,92.5,1,2,1
SAMPLE-01004,Payments,86.5,72.5,3.09,3.22,1836,90.1,0,2,1
SAMPLE-01005,Orders,23.3,41.3,0.54,0.06,451,41.9,0,2,0
SAMPLE-01006,Payments,30.7,57,0.43,0.05,249,38.4,0,2,0
SAMPLE-01007,Authentication,99,90.1,3.79,3.21,439,66.7,1,2,1
SAMPLE-01008,Authentication,99,84.4,1.93,4.92,459,77.1,1,2,1
SAMPLE-01009,Payments,85.6,91.1,2.09,10.05,363,88.7,1,2,1
SAMPLE-01010,Authentication,58,33.8,0.7,0.04,372,57.3,0,2,0
SAMPLE-01011,Inventory,99,96.3,3.01,6.73,520,50,1,2,1
SAMPLE-01012,Payments,77.9,87.7,3.82,12.28,584,99,1,2,1
SAMPLE-01013,Inventory,27.7,51.3,0.8,0.08,347,49.5,0,2,0
SAMPLE-01014,Orders,54.8,35.5,0.08,0.03,218,13.8,1,2,0
SAMPLE-01015,Orders,43.5,62.7,0.57,0.07,311,32.1,0,2,0
SAMPLE-01016,Payments,30,36.7,0.46,0.01,123,47.5,0,2,0
SAMPLE-01017,Orders,39.4,49.5,0.43,0.09,439,25.5,0,2,0
SAMPLE-01018,Payments,43.4,47.3,0.68,0.03,567,61,0,2,0
SAMPLE-01019,Authentication,44.5,38.1,0.09,0.02,159,40.8,0,2,0
SAMPLE-01020,Authentication,39.1,55.1,0.36,0,310,25.7,0,2,0
SAMPLE-01021,Inventory,27.7,72,0.57,0.04,58,33.2,0,2,0
SAMPLE-01022,Inventory,99,68.6,3.35,1.65,1157,88.1,0,2,1
SAMPLE-01023,Payments,33.9,42.1,0.48,0.06,385,34,0,2,0
SAMPLE-01024,Orders,41.3,41.1,0.13,0.08,386,43.6,0,2,0
SAMPLE-01025,Orders,39.2,67.9,0.61,0.01,301,37.9,0,2,0
SAMPLE-01026,Inventory,43.9,49.1,0.24,0.07,354,44,0,2,0
SAMPLE-01027,Orders,86.2,85.7,2.67,1.25,900,91.3,0,2,1
SAMPLE-01028,Payments,42.1,40.4,0.69,0.02,317,24.1,0,2,0
SAMPLE-01029,Checkout,95.2,84.2,2.51,3.69,1512,92.6,0,2,1
SAMPLE-01030,Payments,49.2,41.3,0.72,0.01,438,42,0,2,0
SAMPLE-01031,Authentication,31.7,54.8,0.08,0.06,251,40,0,2,0
SAMPLE-01032,Inventory,91.6,83.4,4.97,6.92,433,94.5,1,2,1
SAMPLE-01033,Authentication,90.5,77.5,1.8,1.84,1459,91,0,2,0
SAMPLE-01034,Payments,48.1,37,0.08,0.03,318,51.5,0,2,0
SAMPLE-01035,Authentication,91.2,83.1,2.62,9.77,468,74.5,1,2,1
SAMPLE-01036,Authentication,86.2,65,3.36,3.69,1335,90.1,1,2,1
SAMPLE-01037,Inventory,99,97.8,4.01,8.32,485,63,1,2,1
SAMPLE-01038,Authentication,55.4,48.1,0.23,0.03,378,31.2,0,2,0
SAMPLE-01039,Payments,47.4,66.5,0.47,0.07,451,33.3,0,2,0
SAMPLE-01040,Payments,56.8,35.8,0.57,0.07,321,33,0,2,0
SAMPLE-01041,Checkout,95.1,66.5,2.56,0.84,1896,93.9,0,2,1
SAMPLE-01042,Authentication,84.7,80,2.6,1.53,1652,90.8,0,2,1
SAMPLE-01043,Inventory,85.5,82.2,3.1,0.78,1124,96.5,0,2,1
SAMPLE-01044,Payments,99,87.2,3.5,2.68,1303,89,0,2,1
SAMPLE-01045,Orders,38.9,33.6,0.53,0.05,243,51.8,0,2,0
SAMPLE-01046,Authentication,90.6,89.2,3.84,10.16,447,90.6,1,2,1
SAMPLE-01047,Checkout,59.8,59,0.73,0.08,431,27.7,0,2,0
SAMPLE-01048,Orders,87.2,76.7,3.4,0.99,1976,82.1,0,2,1
SAMPLE-01049,Inventory,47.3,34,0.27,0,257,33.5,0,2,0
SAMPLE-01050,Checkout,37.8,52.8,0.36,0.01,245,44.2,0,2,0
SAMPLE-01051,Checkout,33.3,46.9,0.9,0.05,322,29.5,0,2,0
SAMPLE-01052,Orders,85.4,89.7,4.17,2.13,1718,100,0,2,1
SAMPLE-01053,Inventory,86.3,95.4,2.39,3,605,88.9,1,2,1
SAMPLE-01054,Orders,77.7,93,1.6,7.41,440,60.1,1,2,1
SAMPLE-01055,Checkout,36,38.5,0.46,0.14,323,52,0,2,0
SAMPLE-01056,Inventory,66.5,81.9,4.5,8.67,539,66.1,1,2,1
SAMPLE-01057,Inventory,95.9,86,3.45,2.6,1099,100,0,2,1
SAMPLE-01058,Inventory,92.9,94.7,3.71,5.37,652,62.5,1,2,1
SAMPLE-01059,Orders,43.2,54.1,1.09,0.05,259,25.1,0,2,0
SAMPLE-01060,Authentication,94.5,91.9,4.56,2.68,1495,98.5,1,2,1
SAMPLE-01061,Checkout,40.5,59.7,0.44,0,182,42.4,0,2,0
SAMPLE-01062,Checkout,87.5,78,2.52,0.5,1585,96.2,0,2,1
SAMPLE-01063,Inventory,99,88.8,4.59,9.42,608,84.9,1,2,1
SAMPLE-01064,Inventory,96.1,84.6,2.45,3.2,900,93.7,0,2,1
SAMPLE-01065,Authentication,58.8,49.9,0.24,0.04,393,31.1,0,2,0
SAMPLE-01066,Payments,54.8,38.9,0.41,0.03,187,37.8,0,2,0
SAMPLE-01067,Payments,50,50.6,0.65,0.05,195,34.1,0,2,0
SAMPLE-01068,Orders,63.3,54.2,0.87,0.06,369,24.3,0,2,0
SAMPLE-01069,Inventory,92.9,91.2,1.8,3.91,1330,95.9,0,2,1
SAMPLE-01070,Orders,37.6,56.4,0.53,0,256,46.9,0,2,0
SAMPLE-01071,Checkout,70.7,95.7,3.07,3,485,84.6,1,2,1
SAMPLE-01072,Authentication,45.9,39.9,0.88,0.06,409,16.1,0,2,0
SAMPLE-01073,Orders,51.3,68.9,0.62,0.01,425,13.8,0,2,0
SAMPLE-01074,Checkout,34.7,40.7,0.19,0.11,377,48.8,0,2,0
SAMPLE-01075,Checkout,37.8,37.1,0.5,0,419,32.3,0,2,0
SAMPLE-01076,Authentication,90.8,77.9,3.76,3.62,1651,100,1,2,1
SAMPLE-01077,Orders,39.4,25,0.71,0.03,363,31.4,0,2,0
SAMPLE-01078,Orders,55.9,53,0.35,0.05,150,44.4,0,2,0
SAMPLE-01079,Inventory,93.8,91,2.59,1.72,1328,96.6,0,2,1
SAMPLE-01080,Checkout,78.1,73.6,2.4,2.65,1333,94,1,2,1
SAMPLE-01081,Inventory,51.8,29.7,0.34,0.01,411,24.4,0,2,0
SAMPLE-01082,Checkout,41.4,39.3,0.54,0.05,118,29.9,0,2,0
SAMPLE-01083,Orders,54.5,62,0.54,0.03,272,10,0,2,0
SAMPLE-01084,Payments,35.1,48.1,0.41,0.03,314,34.5,0,2,0
SAMPLE-01085,Orders,23.2,39,0.08,0.08,253,37.4,0,2,0
SAMPLE-01086,Authentication,76.4,99,3.53,6.43,764,75.3,1,2,1
SAMPLE-01087,Inventory,44.5,63.3,0.64,0.05,378,37.2,0,2,0
SAMPLE-01088,Checkout,87.5,85.4,1.8,2.14,1336,100,0,2,0
SAMPLE-01089,Inventory,26.6,49.2,0.53,0,174,24,0,2,0
SAMPLE-01090,Payments,99,69.5,2.41,2.04,919,100,0,2,1
SAMPLE-01091,Inventory,44.5,35.7,0.38,0.08,247,41.9,0,2,0
SAMPLE-01092,Checkout,57.4,48.1,0.6,0.07,394,13,0,2,0
SAMPLE-01093,Payments,99,88.8,3.34,8.24,414,74,1,2,1
SAMPLE-01094,Orders,27.1,38.9,0.5,0.05,345,37.5,0,2,0
SAMPLE-01095,Orders,51.7,56.2,0.08,0.03,387,33.6,0,2,0
SAMPLE-01096,Authentication,41.5,50.7,0.23,0,551,31.1,0,2,0
SAMPLE-01097,Authentication,47.6,49.2,0.39,0.04,259,25.1,0,2,0
SAMPLE-01098,Inventory,63,45.6,0.82,0.09,266,23.3,0,2,0
SAMPLE-01099,Checkout,90.9,81.4,3.23,0.5,1157,94.2,0,2,1
SAMPLE-01100,Orders,49.9,72.7,0.55,0,282,48.6,0,2,0
SAMPLE-01101,Inventory,63.6,56.3,0.5,0.07,268,38.6,0,2,0
SAMPLE-01102,Payments,46.6,57.8,0.31,0.04,290,44.5,0,2,0
SAMPLE-01103,Orders,45,56.3,0.21,0.04,419,19.2,0,2,0
SAMPLE-01104,Authentication,96.4,89.4,2.28,3.37,1516,90.1,0,2,1
SAMPLE-01105,Orders,52.8,48.3,0.15,0,465,37,0,2,0
SAMPLE-01106,Checkout,31.5,49.2,0.5,0.05,259,27.9,0,2,0
SAMPLE-01107,Checkout,44.1,46.6,0.44,0,370,44.1,0,2,0
SAMPLE-01108,Orders,20.9,39.3,0.73,0.04,308,15.2,0,2,0
SAMPLE-01109,Checkout,92.5,71.3,1.8,2.08,2196,99.7,0,2,1
SAMPLE-01110,Authentication,36.5,53.2,0.38,0.01,163,35.2,0,2,0
SAMPLE-01111,Orders,79,94.4,3.49,12.34,490,78.2,1,2,1
SAMPLE-01112,Checkout,93.2,69.1,3.43,1.17,1412,96.2,1,2,1
SAMPLE-01113,Authentication,30.4,45.6,0.27,0.04,231,28.9,0,2,0
SAMPLE-01114,Checkout,89.5,65,2.85,1.87,1019,100,0,2,1
SAMPLE-01115,Checkout,86.2,83.6,1.8,2.04,1709,84.3,0,2,0
SAMPLE-01116,Authentication,37.3,65,0.28,0.02,323,21.6,1,2,0
SAMPLE-01117,Checkout,41.1,43.5,0.58,0.07,182,24.8,0,2,0
SAMPLE-01118,Authentication,96.3,88.7,2.76,1.7,900,100,0,2,1
SAMPLE-01119,Checkout,70.9,70.3,0.09,0.03,345,33.7,0,2,0
SAMPLE-01120,Orders,31.6,37.5,0.42,0.04,285,44.8,0,2,0
SAMPLE-01121,Orders,44.8,55.3,0.67,0.1,283,35.3,0,2,0
SAMPLE-01122,Orders,38.9,39.3,0.69,0.09,280,22.1,0,2,0
SAMPLE-01123,Inventory,68.5,34.6,0.08,0.13,409,32.5,0,2,0
SAMPLE-01124,Payments,43.7,66.1,0.08,0,293,29.4,0,2,0
SAMPLE-01125,Authentication,38.8,56.9,0.32,0.03,316,39.1,0,2,0
SAMPLE-01126,Inventory,94.4,72,2.47,4,900,95.7,1,2,1
SAMPLE-01127,Inventory,53.7,47.4,0.66,0.12,388,35.5,0,2,0
SAMPLE-01128,Authentication,81.5,95.7,2.74,12.42,454,72.3,1,2,1
SAMPLE-01129,Checkout,82,95,2.52,9.94,496,90,1,2,1
SAMPLE-01130,Inventory,58,64.5,0.47,0,234,38.6,0,2,0
SAMPLE-01131,Checkout,88.7,86,2.06,2.87,1169,92.5,0,2,1
SAMPLE-01132,Inventory,22.9,40.8,0.8,0.02,372,19.1,0,2,0
SAMPLE-01133,Checkout,88.2,82.7,4.63,0.75,1589,91,0,2,1
SAMPLE-01134,Orders,50.2,63.9,0.08,0.08,368,19.1,0,2,0
SAMPLE-01135,Authentication,92,85.2,2.18,0.54,900,100,1,2,1
SAMPLE-01136,Payments,96.2,92.3,4.26,8.71,428,94.1,1,2,1
SAMPLE-01137,Inventory,54.1,67.4,0.08,0.13,319,38.8,0,2,0
SAMPLE-01138,Checkout,47.9,30.7,0.08,0.04,367,40.5,0,2,0
SAMPLE-01139,Inventory,84.9,89,3.64,3,434,65,1,2,1
SAMPLE-01140,Orders,49.3,44.2,0.26,0.01,298,42.6,0,2,0
SAMPLE-01141,Checkout,39.7,59.1,0.21,0.08,313,12.5,0,2,0
SAMPLE-01142,Checkout,45.8,61.7,0.86,0.01,321,31.1,0,2,0
SAMPLE-01143,Authentication,51,48.2,0.56,0.15,214,56.9,1,2,0
SAMPLE-01144,Checkout,34.2,45.9,0.46,0.04,477,22.9,0,2,0
SAMPLE-01145,Payments,33.6,52.3,0.93,0.04,429,41,0,2,0
SAMPLE-01146,Orders,47.8,62.1,0.77,0.01,263,53.2,0,2,0
SAMPLE-01147,Orders,86.4,76.5,1.96,3.75,1211,96.2,0,2,1
SAMPLE-01148,Authentication,31.9,27.2,0.69,0.03,346,31.8,0,2,0
SAMPLE-01149,Checkout,50.5,27.5,0.51,0.1,296,52.9,0,2,0
SAMPLE-01150,Authentication,35.6,49,0.54,0.14,342,30.7,1,2,0
SAMPLE-01151,Inventory,86.6,73.2,3.05,3.61,1529,90.4,0,2,1
SAMPLE-01152,Inventory,36,42.1,0.38,0.06,316,10,0,2,0
SAMPLE-01153,Authentication,47.2,59.9,0.63,0,238,32,0,2,0
SAMPLE-01154,Authentication,47.3,60.7,0.39,0.07,447,33.1,0,2,0
SAMPLE-01155,Payments,47.2,56.8,0.19,0.03,420,26.2,0,2,0
SAMPLE-01156,Payments,92.4,79.1,2.7,2.58,1342,95.2,0,2,1
SAMPLE-01157,Checkout,36.1,60,0.93,0.03,498,31.2,0,2,0
SAMPLE-01158,Payments,37.7,49.5,0.53,0.07,237,26.2,1,2,0
SAMPLE-01159,Inventory,21.2,47.2,0.85,0.1,358,43.5,0,2,0
SAMPLE-01160,Checkout,24.6,44.2,0.19,0.04,291,31.5,0,2,0
SAMPLE-01161,Inventory,41.2,55.4,0.46,0.09,418,44.6,0,2,0
SAMPLE-01162,Payments,91.8,74.2,2.38,1.18,1484,86.8,0,2,1
SAMPLE-01163,Inventory,83.9,82.2,3.35,1.66,1855,87.7,0,2,1
SAMPLE-01164,Checkout,31.1,64.5,0.88,0.06,376,43.9,0,2,0
SAMPLE-01165,Authentication,82.8,92.4,2.33,3,661,70.7,1,2,1
SAMPLE-01166,Payments,48.8,50.4,0.46,0.08,220,40.8,0,2,0
SAMPLE-01167,Authentication,96.6,69,3.34,3.06,1839,89.8,0,2,1
SAMPLE-01168,Authentication,72.1,89.6,1.84,9.56,326,69.2,1,2,1
SAMPLE-01169,Authentication,94,77.6,2.36,4.51,1451,84.3,1,2,1
SAMPLE-01170,Inventory,72.8,88.3,4.01,9.06,674,73.2,1,2,1
SAMPLE-01171,Checkout,96.1,90.6,4.69,7.85,405,89.1,1,2,1
SAMPLE-01172,Inventory,54.9,43.3,0.76,0.03,402,32.2,0,2,0
SAMPLE-01173,Checkout,62.5,32.3,0.44,0.12,258,37.3,0,2,0
SAMPLE-01174,Checkout,25.2,37.7,0.38,0.07,338,33.8,0,2,0
SAMPLE-01175,Checkout,58.7,34.4,0.59,0.06,197,35.3,0,2,0
SAMPLE-01176,Checkout,81.3,89.3,5.22,11.62,206,90,1,2,1
SAMPLE-01177,Payments,37.8,52.2,0.56,0.01,299,40.1,0,2,0
SAMPLE-01178,Checkout,84.8,81.5,2.99,3.04,1200,92.8,1,2,1
SAMPLE-01179,Orders,45.8,41.5,0.63,0.03,276,23.9,0,2,0
SAMPLE-01180,Checkout,88.3,74.3,3.26,2.44,1733,97.7,0,2,1
SAMPLE-01181,Authentication,44.9,53.9,0.09,0.03,515,32.8,0,2,0
SAMPLE-01182,Orders,36.7,40.1,0.69,0.07,231,26.1,1,2,0
SAMPLE-01183,Authentication,59.8,42,0.64,0.05,167,18.5,0,2,0
SAMPLE-01184,Checkout,96.3,79.6,3.48,0.95,1243,96.4,0,2,1
SAMPLE-01185,Inventory,43,51.2,0.37,0.07,250,37,0,2,0
SAMPLE-01186,Authentication,23.6,49.2,0.28,0.08,265,36.8,0,2,0
SAMPLE-01187,Inventory,70.4,86.4,3.1,11.66,525,64.2,1,2,1
SAMPLE-01188,Checkout,29,45.5,0.26,0.05,95,40.9,0,2,0
SAMPLE-01189,Authentication,21.1,40.8,0.54,0.02,436,44.4,0,2,0
SAMPLE-01190,Checkout,53.6,50.2,0.27,0.05,389,50.5,0,2,0
SAMPLE-01191,Payments,24.9,37.1,0.52,0.07,154,23.2,1,2,0
SAMPLE-01192,Authentication,43.7,56.9,0.12,0.06,346,29.6,1,2,0
SAMPLE-01193,Checkout,92.2,75.2,1.97,1.58,1560,96.3,0,2,1
SAMPLE-01194,Checkout,88.2,95,4.58,0.62,1479,95.1,0,2,1
SAMPLE-01195,Payments,95.2,81.5,1.86,2.54,1199,92.9,0,2,1
SAMPLE-01196,Orders,39.8,51.3,0.08,0,109,63.1,0,2,0
SAMPLE-01197,Orders,32,47.6,0.51,0.04,235,36.5,0,2,0
SAMPLE-01198,Authentication,33.8,36.3,0.28,0.02,282,40.4,0,2,0
SAMPLE-01199,Inventory,64.8,26.9,0.52,0.02,246,57.8,0,2,0
SAMPLE-01200,Checkout,39.3,42.1,0.43,0.06,227,40.2,0,2,0
SAMPLE-01201,Orders,89,85.9,2.94,4.82,1457,96.1,1,2,1
SAMPLE-01202,Checkout,44,43,0.39,0.05,262,35.6,0,2,0
SAMPLE-01203,Orders,93.6,80.8,3.02,2.12,1531,92,0,2,1
SAMPLE-01204,Payments,23.1,65.1,0.2,0.03,204,28.8,0,2,0
SAMPLE-01205,Inventory,53,48.2,0.51,0.07,337,50.7,0,2,0
SAMPLE-01206,Orders,29.5,53.4,0.45,0.12,236,32.2,0,2,0
SAMPLE-01207,Inventory,56.3,47.2,0.68,0,437,11.8,0,2,0
SAMPLE-01208,Orders,50.9,46.4,0.26,0.02,299,35,0,2,0
SAMPLE-01209,Inventory,88.5,74.7,2.73,0.5,1124,95.3,1,2,1
SAMPLE-01210,Authentication,60,45.3,0.51,0.02,344,22.4,0,2,0
SAMPLE-01211,Orders,45.6,64.3,0.35,0.08,215,44.7,0,2,0
SAMPLE-01212,Checkout,35.8,42,0.6,0.13,294,31.4,0,2,0
SAMPLE-01213,Inventory,84.5,86.3,3.5,5.55,374,62.5,1,2,1
SAMPLE-01214,Authentication,87.1,87.8,2.85,8.35,577,54.2,1,2,1
SAMPLE-01215,Orders,64.6,39.2,0.71,0.07,431,41.2,0,2,0
SAMPLE-01216,Checkout,59.8,48.9,0.08,0.07,337,22.7,0,2,0
SAMPLE-01217,Inventory,84.5,73.6,1.8,3.81,1652,90,1,2,1
SAMPLE-01218,Payments,94.1,88.3,3.42,8.91,623,50.1,1,2,1
SAMPLE-01219,Checkout,30,45.3,0.93,0.05,357,40,0,2,0
SAMPLE-01220,Inventory,87.4,99,1.81,16.06,704,76.3,1,2,1
SAMPLE-01221,Inventory,36.7,58.2,0.69,0.07,286,23.2,0,2,0
SAMPLE-01222,Checkout,34,61.8,0.14,0.02,195,49.1,0,2,0
SAMPLE-01223,Checkout,89.8,79.6,1.93,2.58,1942,89.8,0,2,1
SAMPLE-01224,Authentication,45.8,57.5,0.37,0.06,395,35.6,0,2,0
SAMPLE-01225,Orders,75,46.6,0.49,0,275,24.5,0,2,0
SAMPLE-01226,Orders,43.3,53.2,0.36,0.18,324,25.4,0,2,0
SAMPLE-01227,Payments,42.4,40.7,0.42,0.07,321,18.3,0,2,0
SAMPLE-01228,Orders,47.9,42.7,0.12,0,296,25.1,0,2,0
SAMPLE-01229,Orders,90,89.1,2.33,4.12,1307,97.1,0,2,1
SAMPLE-01230,Inventory,81.9,96.4,2.56,15.69,626,69.4,1,2,1
SAMPLE-01231,Checkout,43.1,52.4,0.65,0.11,441,34.7,0,2,0
SAMPLE-01232,Orders,55.5,35.4,0.95,0.06,255,40.2,0,2,0
SAMPLE-01233,Orders,48.6,49.5,0.08,0.06,359,27.8,0,2,0
SAMPLE-01234,Payments,94,80.9,3.08,1.12,1048,87.1,0,2,1
SAMPLE-01235,Inventory,87.6,84.3,3.52,0.55,1295,93.8,1,2,1
SAMPLE-01236,Payments,27,58.7,0.61,0.04,316,29.4,0,2,0
SAMPLE-01237,Authentication,34.5,49.3,0.45,0,294,58.7,0,2,0
SAMPLE-01238,Authentication,55.2,46.8,0.3,0.03,211,57.5,0,2,0
SAMPLE-01239,Inventory,46.3,67,0.32,0,290,40.2,1,2,0
SAMPLE-01240,Orders,56.4,48.5,0.59,0.04,379,45.1,0,2,0
SAMPLE-01241,Orders,92.7,84.2,2.94,2.09,1501,95.5,0,2,1
SAMPLE-01242,Inventory,94.8,80.9,2.98,3.83,1086,89,0,2,1
SAMPLE-01243,Checkout,39.4,47.5,0.19,0.03,169,32.4,0,2,0
SAMPLE-01244,Authentication,22.2,45.5,0.08,0.08,225,26.8,0,2,0
SAMPLE-01245,Inventory,37,46.7,0.65,0.16,410,36.5,1,2,0
SAMPLE-01246,Payments,64.3,88.8,2.61,7.51,469,66.4,1,2,1
SAMPLE-01247,Inventory,97.2,87.9,3.85,8.51,510,74.2,1,2,1
SAMPLE-01248,Checkout,47.4,74.1,0.64,0.08,169,21.5,0,2,0
SAMPLE-01249,Orders,89.5,82.1,3.37,2.82,1069,98.6,1,2,1
SAMPLE-01250,Checkout,90.7,83.1,2.35,1.44,1922,87.8,0,2,1
SAMPLE-01251,Orders,40.6,32,0.24,0.04,392,48.1,0,2,0
SAMPLE-01252,Orders,80.5,65,2.14,3.12,1295,100,1,2,1
SAMPLE-01253,Payments,71.6,99,3.28,7.68,427,87,1,2,1
SAMPLE-01254,Inventory,48.2,42.7,0.54,0.04,374,21.4,0,2,0
SAMPLE-01255,Inventory,46.5,61.3,0.08,0.04,156,39.7,1,2,0
SAMPLE-01256,Authentication,67.8,94.1,2.72,12.36,344,80.2,1,2,1
SAMPLE-01257,Authentication,82.8,78.5,2.8,3.43,1069,93.9,1,2,1
SAMPLE-01258,Inventory,87.1,83.3,4.33,10.79,337,75.6,1,2,1
SAMPLE-01259,Checkout,67,89.5,4.17,12.67,333,79.4,1,2,1
SAMPLE-01260,Orders,99,68.9,3.1,3.49,1690,93.5,0,2,1
SAMPLE-01261,Inventory,69.4,82,3.99,11.72,571,69,1,2,1
SAMPLE-01262,Payments,43.6,51.6,0.26,0.07,366,34.4,0,2,0
SAMPLE-01263,Inventory,34.2,43.3,0.77,0.01,389,55.9,0,2,0
SAMPLE-01264,Orders,40.3,58.3,0.31,0.03,289,32.9,0,2,0
SAMPLE-01265,Orders,54.4,51,0.26,0.1,282,62.2,0,2,0
SAMPLE-01266,Payments,43.7,48.2,0.34,0.09,265,47.5,0,2,0
SAMPLE-01267,Orders,15,46.6,0.45,0.09,328,36.5,0,2,0
SAMPLE-01268,Authentication,44.2,32.2,0.91,0,194,64.9,0,2,0
SAMPLE-01269,Payments,42.7,45.7,0.3,0.09,235,52.1,0,2,0
SAMPLE-01270,Payments,44.2,47.6,0.37,0,384,44.5,0,2,0
SAMPLE-01271,Checkout,94.9,74.5,2.61,1.22,1574,86.7,0,2,1
SAMPLE-01272,Orders,93.4,83.7,3,2.94,1575,86.9,0,2,1
SAMPLE-01273,Payments,31.8,28.7,0.33,0.04,390,22.4,0,2,0
SAMPLE-01274,Orders,87.5,67,2.19,2.29,1826,89,1,2,1
SAMPLE-01275,Authentication,49.7,47.6,0.27,0.04,219,45.8,0,2,0
SAMPLE-01276,Orders,53.2,47.7,0.26,0.02,388,41.8,0,2,0
SAMPLE-01277,Authentication,51.3,44.6,0.33,0.04,387,26.8,0,2,0
SAMPLE-01278,Orders,40.6,42.5,0.51,0,309,45.8,0,2,0
SAMPLE-01279,Checkout,40.1,46.9,0.28,0.02,301,52.5,0,2,0
SAMPLE-01280,Inventory,46.8,39.3,0.61,0.05,222,22.9,0,2,0
SAMPLE-01281,Payments,37.2,38.9,0.41,0.04,373,31.2,0,2,0
SAMPLE-01282,Checkout,26.6,38.4,0.8,0.04,300,34.2,0,2,0
SAMPLE-01283,Authentication,42,62.8,0.33,0,351,34.8,0,2,0
SAMPLE-01284,Authentication,59.3,42.9,0.41,0,445,38.4,0,2,0
SAMPLE-01285,Orders,51.2,43,0.62,0.02,206,27.8,0,2,0
SAMPLE-01286,Orders,87.3,79.7,1.8,2.13,1601,95.6,0,2,0
SAMPLE-01287,Inventory,53.4,41.5,0.5,0.04,279,46.2,1,2,0
SAMPLE-01288,Inventory,83.9,99,2.66,3,620,61,1,2,1
SAMPLE-01289,Inventory,84.2,83.7,2.49,8.12,503,68.9,1,2,1
SAMPLE-01290,Payments,84.7,86.4,4.08,6.92,367,70.7,1,2,1
SAMPLE-01291,Inventory,55.8,49,0.4,0.11,226,43.4,0,2,0
SAMPLE-01292,Checkout,51.1,53.9,0.76,0.09,287,26,0,2,0
SAMPLE-01293,Orders,99,99,1.6,11,614,81.2,1,2,1
SAMPLE-01294,Checkout,86.1,74.1,2.09,2.48,1442,87.8,0,2,1
SAMPLE-01295,Payments,78,88.2,3.51,2.32,1470,86.3,0,2,1
SAMPLE-01296,Checkout,48.7,34.7,0.59,0.09,361,41.9,0,2,0
SAMPLE-01297,Payments,39.3,55.9,0.49,0.05,286,14.7,0,2,0
SAMPLE-01298,Authentication,33.3,71.9,0.98,0,227,37.2,0,2,0
SAMPLE-01299,Orders,24.3,59.6,0.55,0.06,304,30,0,2,0
SAMPLE-01300,Checkout,59.2,55.4,0.18,0.08,445,37.2,0,2,0
SAMPLE-01301,Inventory,33.2,36.3,0.93,0.03,405,54.2,0,2,0
SAMPLE-01302,Authentication,84.9,85.8,2.49,3.18,1592,95,0,2,1
SAMPLE-01303,Checkout,88.9,70.1,2.95,2.11,1425,90.7,0,2,1
SAMPLE-01304,Checkout,34.6,62,0.19,0.04,445,29.5,0,2,0
SAMPLE-01305,Inventory,53.4,49.6,0.71,0,276,45.2,0,2,0
SAMPLE-01306,Checkout,63.4,48.6,0.08,0.1,212,30.7,0,2,0
SAMPLE-01307,Orders,61.9,64.4,0.64,0.01,377,19,0,2,0
SAMPLE-01308,Orders,33.2,46.3,0.36,0.07,343,28.3,0,2,0
SAMPLE-01309,Payments,28.2,45.3,0.37,0,334,27.5,0,2,0
SAMPLE-01310,Authentication,50.6,56.3,0.49,0.12,333,18,0,2,0
SAMPLE-01311,Orders,82.8,90.5,2.4,3.35,1852,100,0,2,1
SAMPLE-01312,Orders,53,59.6,0.5,0.08,382,27.3,0,2,0
SAMPLE-01313,Orders,89.1,65,3.87,1.4,1088,94.7,0,2,1
SAMPLE-01314,Orders,47.9,58.4,0.49,0.04,396,27.5,1,2,0
SAMPLE-01315,Authentication,47.7,60.8,0.62,0.04,278,53.2,1,2,0
SAMPLE-01316,Payments,38.8,27.3,0.37,0.05,262,43.8,0,2,0
SAMPLE-01317,Orders,24.2,36.2,0.62,0.03,50,31.3,1,2,0
SAMPLE-01318,Authentication,78.6,77.6,1.8,2.59,1336,97.8,1,2,1
SAMPLE-01319,Payments,46.9,37.6,0.36,0.08,345,22.9,0,2,0
SAMPLE-01320,Orders,90.5,79.4,2.88,1.04,1342,94.8,0,2,1
SAMPLE-01321,Authentication,43.6,49.7,0.71,0.07,317,37.3,0,2,0
SAMPLE-01322,Checkout,80.7,95.2,3.54,17.23,333,50.4,1,2,1
SAMPLE-01323,Inventory,47.1,57.8,0.08,0.02,202,24.2,0,2,0
SAMPLE-01324,Checkout,26.2,54,0.51,0,346,21.5,0,2,0
SAMPLE-01325,Authentication,89,90.8,2.57,6.52,529,61,1,2,1
SAMPLE-01326,Checkout,72.6,91.5,2.68,5.85,413,66.8,1,2,1
SAMPLE-01327,Orders,22.8,56.2,0.39,0.07,195,52.1,0,2,0
SAMPLE-01328,Checkout,42.3,41.4,0.48,0.1,345,43.8,0,2,0
SAMPLE-01329,Authentication,22,57.3,0.57,0.01,273,38.4,0,2,0
SAMPLE-01330,Orders,36.9,25,0.34,0.01,204,32.3,0,2,0
SAMPLE-01331,Authentication,57.3,52.3,0.89,0,301,16.4,0,2,0
SAMPLE-01332,Checkout,54.5,25.8,0.22,0,239,39.5,1,2,0
SAMPLE-01333,Authentication,54.6,43.8,0.28,0.03,338,25.8,0,2,0
SAMPLE-01334,Payments,89.8,82.5,3.26,1.31,1467,97.1,0,2,1
SAMPLE-01335,Inventory,24.2,40.7,0.49,0.03,309,49.6,0,2,0
SAMPLE-01336,Orders,34,45.3,0.67,0,179,44.9,0,2,0
SAMPLE-01337,Checkout,35.1,40.1,0.22,0,335,37.1,0,2,0
SAMPLE-01338,Checkout,43.4,34.3,0.32,0.04,320,41.4,0,2,0
SAMPLE-01339,Orders,32.4,51.6,0.58,0.05,62,28.7,0,2,0
SAMPLE-01340,Authentication,93.1,89.2,3.43,12.61,500,50,1,2,1
SAMPLE-01341,Payments,56.1,58.4,0.16,0.08,259,38.1,0,2,0
SAMPLE-01342,Payments,46.9,76,0.27,0.13,340,21.7,0,2,0
SAMPLE-01343,Authentication,72,48.1,0.25,0.06,340,28.5,0,2,0
SAMPLE-01344,Checkout,81.6,80.4,3.32,3.34,1077,97.7,1,2,1
SAMPLE-01345,Orders,31.7,56.2,0.08,0.09,112,30,0,2,0
SAMPLE-01346,Inventory,41.4,54.5,0.44,0.04,354,38.2,0,2,0
SAMPLE-01347,Authentication,80.4,95.8,2.8,11.45,513,73.1,1,2,1
SAMPLE-01348,Orders,79.4,86.1,2.71,4.9,463,73.2,1,2,1
SAMPLE-01349,Authentication,81.6,80.5,3.23,3.52,1064,93,0,2,1
SAMPLE-01350,Authentication,87.6,87.7,3.46,10.72,479,99,1,2,1
SAMPLE-01351,Inventory,91.9,91,4.57,14.69,389,79,1,2,1
SAMPLE-01352,Authentication,96.8,91.8,2.9,1.94,1249,90.9,1,2,1
SAMPLE-01353,Inventory,48.7,52.4,0.26,0.06,307,26.7,0,2,0
SAMPLE-01354,Payments,41.8,44.8,0.46,0.09,343,39.8,0,2,0
SAMPLE-01355,Orders,99,84,2.98,3.18,1624,91.5,0,2,1
SAMPLE-01356,Payments,56.7,80,3.05,7.92,604,80.2,1,2,1
SAMPLE-01357,Orders,35.7,40,0.66,0.04,324,49.1,0,2,0
SAMPLE-01358,Orders,69.7,61,0.6,0.02,354,33.9,1,2,0
SAMPLE-01359,Inventory,31.8,52.7,0.08,0.1,100,28.8,0,2,0
SAMPLE-01360,Checkout,89.6,79.9,3.67,13.73,487,65.5,1,2,1
SAMPLE-01361,Payments,39.8,49,0.42,0.08,353,40.9,0,2,0
SAMPLE-01362,Payments,95.2,81.5,2.18,0.95,1514,94.4,0,2,1
SAMPLE-01363,Orders,80.2,96.2,5.03,10.94,544,86.7,1,2,1
SAMPLE-01364,Payments,78,87.2,3.05,0.85,1505,94.9,1,2,1
SAMPLE-01365,Orders,37.6,51,0.13,0.02,294,40,0,2,0
SAMPLE-01366,Checkout,29.2,50.4,0.51,0,252,43.3,0,2,0
SAMPLE-01367,Payments,34.3,48.4,0.41,0.03,348,41.1,0,2,0
SAMPLE-01368,Authentication,87.6,85.9,3.07,3.3,1099,96.5,0,2,1
SAMPLE-01369,Inventory,91,73.9,2.78,1.74,1433,91.6,0,2,1
SAMPLE-01370,Payments,38.4,58.7,0.38,0.03,285,30.1,0,2,0
SAMPLE-01371,Inventory,90.2,79.3,3.15,3.8,987,93.9,0,2,1
SAMPLE-01372,Payments,65.7,94,3.24,7.53,514,97.6,1,2,1
SAMPLE-01373,Inventory,26.2,37.8,0.72,0.03,263,48.4,0,2,0
SAMPLE-01374,Payments,36.9,45.3,0.72,0.06,384,20.9,0,2,0
SAMPLE-01375,Authentication,91.3,88.4,2.45,3.17,1126,89.4,1,2,1
SAMPLE-01376,Authentication,51,56,0.61,0.07,195,19.5,0,2,0
SAMPLE-01377,Inventory,78,76.7,1.9,0.79,1077,93.1,0,2,0
SAMPLE-01378,Checkout,46.5,33.1,0.08,0,611,33.4,0,2,0
SAMPLE-01379,Orders,45.8,46.4,0.56,0.06,127,42.6,0,2,0
SAMPLE-01380,Authentication,31.8,48.7,0.33,0.03,269,47.8,0,2,0
SAMPLE-01381,Payments,51.5,54,0.22,0.02,344,17.2,0,2,0
SAMPLE-01382,Authentication,56.3,37.6,0.65,0.1,402,15.6,0,2,0
SAMPLE-01383,Payments,36,30.5,0.3,0.05,359,33.4,0,2,0
SAMPLE-01384,Payments,40.5,53.8,0.36,0.03,206,21.8,0,2,0
SAMPLE-01385,Orders,15,37.2,0.59,0.03,433,39.1,0,2,0
SAMPLE-01386,Inventory,42.8,46.7,0.08,0.11,241,46,1,2,0
SAMPLE-01387,Payments,35.1,39.3,0.75,0.08,406,30.4,0,2,0
SAMPLE-01388,Orders,63.1,32.3,0.26,0.1,324,35.5,0,2,0
SAMPLE-01389,Orders,21.8,32.9,0.35,0.15,429,31.5,0,2,0
SAMPLE-01390,Checkout,51.9,42.2,0.45,0.06,420,35.5,0,2,0
SAMPLE-01391,Orders,56.3,57.2,0.45,0,118,37.4,0,2,0
SAMPLE-01392,Orders,55.1,42.1,0.63,0.03,259,27.1,0,2,0
SAMPLE-01393,Authentication,63.4,94.5,3.82,12.58,501,86.3,1,2,1
SAMPLE-01394,Payments,30,64.9,0.33,0.03,247,42.7,0,2,0
SAMPLE-01395,Checkout,30.3,65.3,0.17,0,429,13.2,0,2,0
SAMPLE-01396,Orders,37.2,42,0.38,0.07,50,17.4,1,2,0
SAMPLE-01397,Checkout,38.4,50.6,0.53,0.03,488,53.3,0,2,0
SAMPLE-01398,Authentication,84.5,87.7,3.09,13.36,516,98.4,1,2,1
SAMPLE-01399,Checkout,68.2,83.7,4.74,12.51,493,88,1,2,1
SAMPLE-01400,Checkout,18.6,28.3,0.84,0.06,268,45.9,0,2,0
SAMPLE-01401,Inventory,30.5,41.3,0.72,0.01,151,22.2,0,2,0
SAMPLE-01402,Orders,43,33.3,0.72,0.02,151,32.3,0,2,0
SAMPLE-01403,Checkout,84.7,83.9,3.4,11.13,562,76.3,1,2,1
SAMPLE-01404,Orders,55.8,46.6,0.23,0.02,385,25.9,0,2,0
SAMPLE-01405,Inventory,22.3,47.6,0.15,0,390,24.5,0,2,0
SAMPLE-01406,Inventory,45.6,48.5,0.11,0.16,342,38.2,0,2,0
SAMPLE-01407,Checkout,32.1,42.9,0.46,0,496,53.9,0,2,0
SAMPLE-01408,Inventory,52.4,61.6,0.62,0.04,355,45.3,0,2,0
SAMPLE-01409,Inventory,37.6,39.8,0.51,0.03,344,23,0,2,0
SAMPLE-01410,Inventory,63.1,54.6,0.25,0.04,480,48.4,0,2,0
SAMPLE-01411,Authentication,61.9,63.9,0.52,0.12,253,39.9,0,2,0
SAMPLE-01412,Authentication,37.6,62.5,0.45,0,335,23.7,0,2,0
SAMPLE-01413,Orders,46.9,49.1,0.77,0,288,28.8,0,2,0
SAMPLE-01414,Orders,36.3,28.2,0.65,0,367,40.8,0,2,0
SAMPLE-01415,Checkout,39.8,45.9,0.43,0.05,259,20.3,0,2,0
SAMPLE-01416,Checkout,98.3,75.3,4.15,2.68,1431,98,0,2,1
SAMPLE-01417,Checkout,46.9,50,0.63,0.02,359,49.2,1,2,0
SAMPLE-01418,Payments,25.9,58.5,0.08,0.02,333,10,1,2,0
SAMPLE-01419,Inventory,39.3,43.1,0.08,0.12,300,57.8,1,2,0
SAMPLE-01420,Payments,34.7,57.5,0.42,0.02,323,53.7,0,2,0
SAMPLE-01421,Inventory,81.8,97.7,2.64,6.1,195,94.9,1,2,1
SAMPLE-01422,Inventory,15,44.2,0.75,0.05,334,28.5,0,2,0
SAMPLE-01423,Inventory,48.6,41.6,0.67,0.07,341,49.1,0,2,0
SAMPLE-01424,Orders,31.3,43.7,0.65,0.02,330,39.1,0,2,0
SAMPLE-01425,Checkout,37.4,56.3,0.34,0.06,270,23,0,2,0
SAMPLE-01426,Authentication,92,71.9,3.04,0.5,900,98.6,0,2,1
SAMPLE-01427,Payments,28.1,47.2,0.23,0.05,382,52.2,0,2,0
SAMPLE-01428,Payments,46.7,32.9,0.47,0.04,516,16.5,0,2,0
SAMPLE-01429,Payments,44.4,47.5,0.31,0.06,394,30.9,0,2,0
SAMPLE-01430,Inventory,80.5,74.8,1.98,2.52,1031,98,0,2,1
SAMPLE-01431,Authentication,21.1,52.5,0.62,0.03,361,35.8,0,2,0
SAMPLE-01432,Inventory,83.6,94.1,2.28,2.83,1417,100,0,2,1
SAMPLE-01433,Authentication,61.3,42.7,0.3,0.03,175,27.9,0,2,0
SAMPLE-01434,Orders,24.9,41.5,0.42,0.07,450,36.9,0,2,0
SAMPLE-01435,Authentication,93.1,75.7,3.42,1.76,1573,93.1,0,2,1
SAMPLE-01436,Payments,99,78.8,3.36,0.97,1384,100,0,2,1
SAMPLE-01437,Payments,39.1,34.9,0.32,0.06,197,24.9,0,2,0
SAMPLE-01438,Inventory,54.3,47.1,0.77,0.16,315,36.3,0,2,0
SAMPLE-01439,Checkout,78,70.8,2.65,2.92,985,97.2,0,2,1
SAMPLE-01440,Inventory,54.1,46.3,1.02,0.05,301,35.5,0,2,0
SAMPLE-01441,Checkout,40.1,57.8,0.16,0.05,339,44.5,0,2,0
SAMPLE-01442,Orders,38.2,58.1,0.25,0.07,312,11.1,0,2,0
SAMPLE-01443,Checkout,49.9,57.3,0.68,0,328,26.5,0,2,0
SAMPLE-01444,Orders,39.3,42.1,0.83,0.01,287,37.2,0,2,0
SAMPLE-01445,Inventory,53.2,39,0.58,0.1,368,36.4,0,2,0
SAMPLE-01446,Authentication,59,68,0.47,0.05,405,32.9,0,2,0
SAMPLE-01447,Authentication,36.6,47,0.59,0.01,326,30.7,0,2,0
SAMPLE-01448,Payments,44.2,54,0.27,0.08,259,19.2,0,2,0
SAMPLE-01449,Orders,99,77.6,3.2,1.83,1633,88.1,1,2,1
SAMPLE-01450,Payments,60.1,44.6,0.97,0.06,237,10,0,2,0
SAMPLE-01451,Authentication,40.6,53.4,0.79,0,320,10,0,2,0
SAMPLE-01452,Checkout,94.5,86.2,2.91,3,533,99,1,2,1
SAMPLE-01453,Inventory,52,42.7,0.81,0.04,371,61.6,0,2,0
SAMPLE-01454,Checkout,42.8,59.3,0.48,0.1,445,15.3,0,2,0
SAMPLE-01455,Authentication,79.3,91.7,2.21,15.24,434,95.6,1,2,1
SAMPLE-01456,Inventory,45.9,45.9,0.58,0,382,19.3,0,2,0
SAMPLE-01457,Inventory,88,78.9,2.26,1.08,1788,87.5,0,2,1
SAMPLE-01458,Authentication,82.8,72,2.36,3.26,1633,100,0,2,1
SAMPLE-01459,Payments,15,47.3,0.2,0.03,394,28,0,2,0
SAMPLE-01460,Orders,78.2,89.8,3.24,8.26,693,73.6,1,2,1
SAMPLE-01461,Payments,87.1,81.9,2.24,2.36,900,89.5,0,2,1
SAMPLE-01462,Payments,75,87.7,1.6,7.58,455,82.5,1,2,1
SAMPLE-01463,Inventory,26.8,43.5,0.65,0.06,404,17.6,0,2,0
SAMPLE-01464,Orders,73.5,94.1,3.81,18.8,519,73.9,1,2,1
SAMPLE-01465,Authentication,40.5,61.9,0.08,0.05,465,44.4,1,2,0
SAMPLE-01466,Checkout,31.5,60.7,0.74,0.11,568,35.2,0,2,0
SAMPLE-01467,Orders,88.4,75.4,2.87,3.65,1271,91.4,0,2,1
SAMPLE-01468,Payments,91.2,71.4,2.73,1.71,1079,92.2,1,2,1
SAMPLE-01469,Checkout,29.2,38.7,0.39,0.03,365,37.5,0,2,0
SAMPLE-01470,Inventory,95.3,72.4,2.97,1.3,1541,93.9,0,2,1
SAMPLE-01471,Checkout,37.4,49.6,0.43,0.11,361,64.5,0,2,0
SAMPLE-01472,Inventory,90.3,67.3,4.45,3.25,1547,90,0,2,1
SAMPLE-01473,Checkout,93.9,70.9,2.51,3.03,900,90.8,0,2,1
SAMPLE-01474,Orders,24.1,56.9,0.4,0.06,394,59.3,0,2,0
SAMPLE-01475,Orders,83.1,84,2.52,4.41,1489,95.6,1,2,1
SAMPLE-01476,Payments,81.6,93.2,3.77,4.91,390,70.9,1,2,1
SAMPLE-01477,Checkout,50.2,48.5,0.64,0.06,283,40,0,2,0
SAMPLE-01478,Authentication,44.8,50.1,0.08,0,392,53,0,2,0
SAMPLE-01479,Checkout,36.3,58.7,0.64,0.02,290,35.6,1,2,0
SAMPLE-01480,Authentication,34.8,64.8,0.7,0.01,285,24,0,2,0
SAMPLE-01481,Checkout,64.7,46.8,0.44,0,276,36.4,0,2,0
SAMPLE-01482,Checkout,42,47.4,0.49,0.03,269,45.5,0,2,0
SAMPLE-01483,Inventory,56,38,0.11,0.14,325,27.4,0,2,0
SAMPLE-01484,Checkout,41.4,42.9,0.68,0.09,209,28.9,0,2,0
SAMPLE-01485,Authentication,46.7,47.6,0.53,0.02,126,33.3,0,2,0
SAMPLE-01486,Inventory,77.3,84.6,4.32,4.75,564,84,1,2,1
SAMPLE-01487,Payments,40.6,37.5,0.08,0.06,481,39.4,0,2,0
SAMPLE-01488,Orders,98.4,65.4,3.63,1.98,1472,89.7,1,2,1
SAMPLE-01489,Payments,66,46.4,0.26,0.11,432,44.3,0,2,0
SAMPLE-01490,Inventory,86.2,98.1,4.03,8.38,247,64.5,1,2,1
SAMPLE-01491,Authentication,33.7,25,0.54,0.02,393,40.2,0,2,0
SAMPLE-01492,Payments,75.6,94.4,3.06,7.44,645,93.5,1,2,1
SAMPLE-01493,Authentication,69.5,79.6,4.61,10.77,664,50,1,2,1
SAMPLE-01494,Orders,31.4,47.4,0.47,0.06,415,21.1,0,2,0
SAMPLE-01495,Inventory,61.7,42.6,0.49,0,434,35.1,0,2,0
SAMPLE-01496,Authentication,38.8,42.4,0.72,0.04,211,14.9,0,2,0
SAMPLE-01497,Payments,52,46.7,0.49,0.02,419,33.7,0,2,0
SAMPLE-01498,Checkout,95.6,98.2,3.28,3.17,319,55.1,1,2,1
SAMPLE-01499,Authentication,86.6,89,4.03,13.75,243,67.1,1,2,1
SAMPLE-01500,Authentication,56.4,38,0.44,0.04,269,35.7,0,2,0